date,maxtempC,maxtempF,mintempC,mintempF,avgtempC,avgtempF,totalSnow_cm,sunHour,uvIndex_x,year,month,day,time,tempC,tempF,windspeedMiles,windspeedKmph,winddirDegree,winddir16Point,weatherCode,weatherDesc,precipMM,precipInches,humidity,visibility,visibilityMiles,pressure,pressureInches,cloudcover,HeatIndexC,HeatIndexF,DewPointC,DewPointF,WindChillC,WindChillF,WindGustMiles,WindGustKmph,FeelsLikeC,FeelsLikeF,uvIndex_y,region
2020-08-01,32,90,20,68,28,82,0.0,15.6,7,2020,8,1,24,32,90,11,18,151,SSE,116,Partly cloudy,0.0,0.0,42,10,6,1006,30,24,26,79,10,51,26,80,16,26,26,79,7,Ақмола
2020-08-02,26,79,22,72,25,76,0.0,15.6,5,2020,8,2,24,26,79,9,14,218,SW,200,Thundery outbreaks possible,0.0,0.0,43,10,6,1006,30,19,25,77,11,51,24,76,14,23,25,77,5,Ақмола
2020-08-03,21,70,18,65,20,69,0.0,12.6,5,2020,8,3,24,21,70,8,13,169,S,266,Light drizzle,1.4,0.1,64,7,4,1009,30,61,21,69,13,56,20,68,12,19,20,68,5,Ақмола
2020-08-04,23,74,15,60,19,66,0.0,12.6,4,2020,8,4,24,23,74,11,17,238,WSW,353,Light rain shower,14.6,0.6,79,8,5,1005,30,74,19,66,14,58,18,65,15,25,18,65,4,Ақмола
2020-08-05,31,87,18,65,25,77,0.0,14.4,5,2020,8,5,24,31,87,8,13,133,SE,386,Patchy light rain with thunder,11.0,0.4,70,9,5,1009,30,69,25,77,17,62,24,75,13,21,25,77,5,Ақмола
2020-08-06,30,87,23,73,27,81,0.0,14.5,7,2020,8,6,24,30,87,14,22,56,ENE,116,Partly cloudy,0.0,0.0,52,10,6,1011,30,20,27,81,15,60,26,79,20,32,27,81,7,Ақмола
2020-08-07,31,88,21,70,27,80,0.0,14.5,7,2020,8,7,24,31,88,12,19,33,NNE,116,Partly cloudy,0.0,0.0,51,10,6,1009,30,10,27,80,15,58,26,79,17,28,27,80,7,Ақмола
2020-08-08,28,82,21,70,25,76,0.0,12.5,5,2020,8,8,24,28,82,14,23,236,WSW,353,Light rain shower,1.7,0.1,62,10,6,1005,30,34,25,77,16,60,24,75,20,32,25,77,5,Ақмола
2020-08-09,21,69,17,62,19,67,0.0,11.4,4,2020,8,9,24,21,69,17,28,337,NNW,353,Light rain shower,0.7,0.0,62,10,6,1003,30,54,19,67,11,52,19,66,23,37,19,66,4,Ақмола
2020-08-10,23,73,15,60,19,67,0.0,14.5,4,2020,8,10,24,23,73,19,31,329,NNW,176,Patchy rain possible,0.3,0.0,58,10,6,1003,30,44,19,66,10,49,19,65,26,42,19,65,4,Ақмола
2020-08-11,22,72,14,57,19,66,0.0,11.6,5,2020,8,11,24,22,72,14,23,332,NNW,116,Partly cloudy,0.0,0.0,58,10,6,1008,30,6,19,65,9,48,18,64,19,31,18,64,5,Ақмола
2020-08-12,24,75,14,58,20,68,0.0,11.6,5,2020,8,12,24,24,75,5,9,284,WNW,116,Partly cloudy,0.0,0.0,55,10,6,1011,30,9,19,67,9,48,19,66,8,14,19,66,5,Ақмола
2020-08-13,23,74,16,61,20,68,0.0,9.4,5,2020,8,13,24,23,74,9,14,141,SE,296,Light rain,2.5,0.1,57,10,6,1009,30,41,19,66,10,50,19,66,14,23,19,66,5,Ақмола
2020-08-14,24,75,17,62,21,70,0.0,11.6,6,2020,8,14,24,24,75,11,18,235,SW,116,Partly cloudy,14.0,0.6,60,9,5,1004,30,35,21,70,11,52,20,69,16,27,20,69,6,Ақмола
2020-08-15,20,68,15,60,18,65,0.0,8.3,4,2020,8,15,24,20,68,11,18,240,WSW,386,Patchy light rain with thunder,1.1,0.0,58,10,6,1004,30,50,18,65,10,49,18,65,15,24,18,65,4,Ақмола
2020-08-16,18,64,14,56,16,60,0.0,7.2,4,2020,8,16,24,18,64,12,20,274,W,353,Light rain shower,1.3,0.1,75,10,6,1005,30,88,15,60,11,51,14,58,17,27,14,58,4,Ақмола
2020-08-17,20,68,13,56,17,63,0.0,8.3,4,2020,8,17,24,20,68,12,19,295,WNW,176,Patchy rain possible,1.0,0.0,65,10,6,1005,30,75,17,62,10,49,16,61,16,26,16,61,4,Ақмола
2020-08-18,17,63,14,57,16,60,0.0,8.2,4,2020,8,18,24,17,63,15,24,305,NW,353,Light rain shower,3.1,0.1,74,10,6,1003,30,80,15,60,11,51,15,59,20,32,15,59,4,Ақмола
2020-08-19,19,65,12,53,16,61,0.0,10.5,4,2020,8,19,24,19,65,10,16,296,WNW,122,Overcast,0.0,0.0,57,10,6,1009,30,41,15,59,7,44,15,58,14,23,15,58,4,Ақмола
2020-08-20,20,67,11,52,16,61,0.0,11.6,5,2020,8,20,24,20,67,8,12,318,NW,116,Partly cloudy,0.0,0.0,51,10,6,1011,30,13,15,59,4,40,15,59,11,18,15,59,5,Ақмола
2020-08-21,19,66,12,53,16,61,0.0,11.6,5,2020,8,21,24,19,66,7,12,330,NNW,116,Partly cloudy,0.0,0.0,60,10,6,1012,30,21,15,60,7,45,15,59,11,18,15,59,5,Ақмола
2020-08-22,21,71,12,53,18,64,0.0,10.5,4,2020,8,22,24,21,71,7,11,202,SSW,119,Cloudy,0.0,0.0,67,9,5,1013,30,30,17,62,10,50,16,61,10,17,16,61,4,Ақмола
2020-08-23,21,71,13,55,18,64,0.0,11.6,5,2020,8,23,24,21,71,10,15,18,NNE,116,Partly cloudy,0.0,0.0,63,10,6,1013,30,8,17,63,9,48,16,62,14,23,16,62,5,Ақмола
2020-08-24,24,75,13,56,19,67,0.0,11.6,5,2020,8,24,24,24,75,8,13,12,NNE,116,Partly cloudy,0.0,0.0,58,10,6,1013,30,10,19,66,9,48,18,64,12,19,18,64,5,Ақмола
2020-08-25,27,80,16,61,23,73,0.0,11.6,6,2020,8,25,24,27,80,6,9,306,NW,116,Partly cloudy,0.0,0.0,54,10,6,1016,30,17,21,71,11,51,21,70,9,14,21,71,6,Ақмола
2020-08-26,29,85,19,67,25,77,0.0,11.6,7,2020,8,26,24,29,85,6,9,258,WSW,116,Partly cloudy,0.0,0.0,41,10,6,1015,30,29,24,75,10,50,24,75,9,15,24,75,7,Ақмола
2020-08-27,29,85,21,69,26,78,0.0,11.6,7,2020,8,27,24,29,85,8,13,180,S,116,Partly cloudy,0.0,0.0,35,10,6,1014,30,9,25,77,7,45,25,76,14,22,25,77,7,Ақмола
2020-08-28,32,90,21,70,28,82,0.0,11.6,7,2020,8,28,24,32,90,11,18,187,S,116,Partly cloudy,0.0,0.0,25,10,6,1012,30,7,26,79,4,40,26,79,18,28,26,79,7,Ақмола
2020-08-29,31,87,22,71,27,80,0.0,9.3,6,2020,8,29,24,31,87,9,15,199,SSW,122,Overcast,0.0,0.0,25,10,6,1012,30,36,25,78,4,39,26,78,15,24,25,78,6,Ақмола
2020-08-30,28,82,18,64,23,74,0.0,11.6,6,2020,8,30,24,28,82,9,15,327,NNW,116,Partly cloudy,0.0,0.0,51,10,6,1015,30,13,23,73,11,52,22,72,15,23,23,73,6,Ақмола
2020-08-31,28,83,17,63,23,74,0.0,11.6,6,2020,8,31,24,28,83,8,13,80,E,116,Partly cloudy,0.0,0.0,52,10,6,1019,31,17,22,72,10,50,22,72,13,21,22,72,6,Ақмола
2020-08-01,37,99,22,72,32,89,0.0,10.5,7,2020,8,1,24,37,99,9,14,147,SSE,176,Patchy rain possible,0.1,0.0,31,10,6,1005,30,15,30,87,9,48,30,86,13,20,30,87,7,Ақтөбе
2020-08-02,36,97,23,74,31,88,0.0,11.6,8,2020,8,2,24,36,97,5,8,220,SW,116,Partly cloudy,0.0,0.0,21,10,6,1005,30,3,29,84,4,39,29,85,8,13,29,84,8,Ақтөбе
2020-08-03,38,101,24,75,33,91,0.0,11.6,8,2020,8,3,24,38,101,12,19,70,ENE,116,Partly cloudy,0.0,0.0,22,10,6,1002,30,3,31,88,6,43,32,89,17,27,31,88,8,Ақтөбе
2020-08-04,39,101,24,75,33,91,0.0,11.6,8,2020,8,4,24,39,101,8,13,110,ESE,116,Partly cloudy,0.0,0.0,20,10,6,1000,30,3,31,87,5,41,31,88,13,22,31,87,8,Ақтөбе
2020-08-05,39,102,25,77,34,93,0.0,11.6,8,2020,8,5,24,39,102,8,13,213,SSW,116,Partly cloudy,0.0,0.0,18,10,6,1001,30,2,31,88,4,39,32,90,12,20,31,88,8,Ақтөбе
2020-08-06,41,106,25,77,35,95,0.0,11.6,9,2020,8,6,24,41,106,7,11,185,S,116,Partly cloudy,0.0,0.0,15,10,6,1004,30,4,34,92,3,37,34,93,11,18,34,92,9,Ақтөбе
2020-08-07,39,103,25,76,34,92,0.0,11.6,8,2020,8,7,24,39,103,10,16,265,W,116,Partly cloudy,0.0,0.0,17,10,6,1005,30,14,32,89,4,39,32,90,15,24,32,89,8,Ақтөбе
2020-08-08,38,100,24,74,33,91,0.0,11.6,7,2020,8,8,24,38,100,8,13,225,SW,176,Patchy rain possible,0.3,0.0,25,10,6,1003,30,31,31,88,7,45,31,88,12,20,31,88,7,Ақтөбе
2020-08-09,36,97,27,80,32,90,0.0,11.6,8,2020,8,9,24,36,97,7,11,238,WSW,116,Partly cloudy,0.0,0.0,22,10,6,1003,30,9,30,86,6,44,31,88,9,15,30,86,8,Ақтөбе
2020-08-10,39,102,26,79,34,93,0.0,11.6,8,2020,8,10,24,39,102,10,16,205,SSW,116,Partly cloudy,0.0,0.0,17,10,6,1002,30,3,31,89,4,39,32,90,15,24,31,89,8,Ақтөбе
2020-08-11,33,91,22,72,28,83,0.0,11.6,7,2020,8,11,24,33,91,9,15,310,NW,116,Partly cloudy,0.0,0.0,22,10,6,1005,30,2,27,81,3,38,28,82,14,22,27,81,7,Ақтөбе
2020-08-12,33,91,21,70,28,83,0.0,11.6,7,2020,8,12,24,33,91,8,12,271,W,116,Partly cloudy,0.0,0.0,17,10,6,1007,30,11,26,79,-0,31,27,80,11,17,26,79,7,Ақтөбе
2020-08-13,33,91,21,70,29,83,0.0,11.6,7,2020,8,13,24,33,91,6,9,227,SW,116,Partly cloudy,0.0,0.0,19,10,6,1007,30,11,26,79,1,34,27,80,8,13,26,79,7,Ақтөбе
2020-08-14,35,95,20,68,29,83,0.0,11.6,7,2020,8,14,24,35,95,5,8,309,NW,113,Sunny,0.0,0.0,18,10,6,1005,30,0,27,80,0,32,27,81,8,13,27,80,7,Ақтөбе
2020-08-15,37,99,21,71,31,87,0.0,11.6,8,2020,8,15,24,37,99,7,12,152,SSE,113,Sunny,0.0,0.0,16,10,6,1004,30,0,29,83,0,33,29,85,12,19,29,83,8,Ақтөбе
2020-08-16,38,100,23,73,33,91,0.0,11.6,8,2020,8,16,24,38,100,8,12,295,WNW,116,Partly cloudy,0.0,0.0,17,10,6,1003,30,7,30,86,3,37,31,88,12,19,30,86,8,Ақтөбе
2020-08-17,34,94,24,74,30,86,0.0,9.3,6,2020,8,17,24,34,94,10,16,324,NW,176,Patchy rain possible,0.3,0.0,27,10,6,1004,30,34,29,84,7,45,29,84,15,23,29,84,6,Ақтөбе
2020-08-18,30,86,19,66,26,78,0.0,11.6,7,2020,8,18,24,30,86,8,13,299,WNW,113,Sunny,0.0,0.0,23,10,6,1008,30,4,24,75,2,35,25,76,12,19,24,75,7,Ақтөбе
2020-08-19,31,89,18,65,26,79,0.0,11.6,7,2020,8,19,24,31,89,6,9,204,SSW,113,Sunny,0.0,0.0,20,10,6,1009,30,0,24,75,-0,32,24,76,9,15,24,75,7,Ақтөбе
2020-08-20,33,91,18,65,27,81,0.0,11.6,7,2020,8,20,24,33,91,7,11,172,S,116,Partly cloudy,0.0,0.0,21,10,6,1006,30,2,25,77,1,34,26,78,11,17,25,77,7,Ақтөбе
2020-08-21,32,90,19,66,27,81,0.0,11.6,7,2020,8,21,24,32,90,5,8,252,WSW,113,Sunny,0.0,0.0,16,10,6,1009,30,0,25,77,-2,28,25,78,8,13,25,77,7,Ақтөбе
2020-08-22,35,95,19,67,29,84,0.0,11.6,7,2020,8,22,24,35,95,8,13,146,SSE,116,Partly cloudy,0.0,0.0,17,10,6,1006,30,11,27,81,-1,30,28,82,14,22,27,81,7,Ақтөбе
2020-08-23,39,101,21,71,32,90,0.0,11.6,8,2020,8,23,24,39,101,9,15,74,ENE,116,Partly cloudy,0.0,0.0,14,10,6,1003,30,10,30,86,-1,30,31,87,15,25,30,86,8,Ақтөбе
2020-08-24,42,107,27,80,37,99,0.0,11.6,9,2020,8,24,24,42,107,15,24,166,SSE,116,Partly cloudy,0.0,0.0,13,10,6,998,30,33,34,94,2,35,35,95,22,35,34,94,9,Ақтөбе
2020-08-25,30,85,20,68,25,78,0.0,11.6,7,2020,8,25,24,30,85,12,20,263,W,116,Partly cloudy,0.0,0.0,38,10,6,1009,30,14,25,77,9,49,25,77,17,27,25,77,7,Ақтөбе
2020-08-26,24,75,14,57,21,70,0.0,8.0,5,2020,8,26,24,24,75,8,14,259,WSW,356,Moderate or heavy rain shower,10.9,0.4,54,9,5,1012,30,77,22,72,12,54,21,69,12,20,21,69,5,Ақтөбе
2020-08-27,26,79,17,63,22,72,0.0,11.6,5,2020,8,27,24,26,79,8,13,176,S,176,Patchy rain possible,2.7,0.1,50,10,5,1014,30,41,22,71,10,51,21,70,12,19,22,71,5,Ақтөбе
2020-08-28,32,89,19,67,27,80,0.0,11.6,7,2020,8,28,24,32,89,16,26,52,NE,116,Partly cloudy,0.0,0.0,33,10,6,1011,30,1,25,77,8,46,25,78,23,37,25,77,7,Ақтөбе
2020-08-29,35,94,22,71,29,85,0.0,11.6,7,2020,8,29,24,35,94,13,20,59,ENE,113,Sunny,0.0,0.0,23,10,6,1007,30,0,28,82,4,40,28,83,20,31,28,82,7,Ақтөбе
2020-08-30,35,95,21,71,29,85,0.0,11.6,7,2020,8,30,24,35,95,6,10,141,SE,116,Partly cloudy,0.0,0.0,23,10,6,1006,30,1,27,81,4,40,28,83,10,17,27,81,7,Ақтөбе
2020-08-31,31,88,21,69,28,82,0.0,9.2,6,2020,8,31,24,31,88,11,18,127,SE,299,Moderate rain at times,0.9,0.0,27,10,6,1008,30,34,27,80,7,45,27,80,18,28,27,80,6,Ақтөбе
2020-08-01,31,87,18,65,27,80,0.0,9.2,6,2020,8,1,24,31,87,4,6,143,SE,299,Moderate rain at times,4.6,0.2,44,10,5,1011,30,73,25,76,10,51,25,76,6,10,25,76,6,Алматы қаласы
2020-08-02,26,79,15,58,23,73,0.0,9.2,5,2020,8,2,24,26,79,4,6,225,SW,353,Light rain shower,9.1,0.4,56,10,5,1010,30,67,22,71,12,53,21,70,7,11,22,71,5,Алматы қаласы
2020-08-03,29,85,15,58,24,76,0.0,10.2,5,2020,8,3,24,29,85,5,8,130,SE,386,Patchy light rain with thunder,6.4,0.3,50,10,5,1008,30,70,23,73,11,51,22,71,8,13,23,73,5,Алматы қаласы
2020-08-04,33,91,17,63,28,82,0.0,11.3,6,2020,8,4,24,33,91,5,7,169,S,176,Patchy rain possible,0.9,0.0,34,10,6,1006,30,42,26,78,7,45,26,79,8,13,26,78,6,Алматы қаласы
2020-08-05,36,97,16,60,29,84,0.0,12.4,6,2020,8,5,24,36,97,5,8,211,SSW,176,Patchy rain possible,0.6,0.0,31,10,6,1009,30,24,26,79,7,44,26,79,9,14,26,79,6,Алматы қаласы
2020-08-06,37,98,20,69,31,88,0.0,11.3,7,2020,8,6,24,37,98,4,7,162,SSE,176,Patchy rain possible,0.3,0.0,31,10,6,1012,30,34,29,85,9,48,29,84,7,12,29,85,7,Алматы қаласы
2020-08-07,35,96,21,70,29,85,0.0,11.3,6,2020,8,7,24,35,96,4,6,207,SSW,176,Patchy rain possible,0.8,0.0,32,10,6,1012,30,34,28,82,8,46,27,81,6,9,28,82,6,Алматы қаласы
2020-08-08,35,94,17,63,29,84,0.0,11.3,6,2020,8,8,24,35,94,4,6,193,SSW,176,Patchy rain possible,0.3,0.0,30,10,6,1008,30,44,26,79,6,42,26,79,6,10,26,79,6,Алматы қаласы
2020-08-09,28,82,19,67,24,74,0.0,9.1,5,2020,8,9,24,28,82,6,9,182,S,263,Patchy light drizzle,3.0,0.1,48,9,5,1008,30,67,25,76,11,53,23,74,9,14,25,76,5,Алматы қаласы
2020-08-10,32,89,18,65,27,81,0.0,9.1,6,2020,8,10,24,32,89,5,8,216,SW,299,Moderate rain at times,2.5,0.1,45,10,6,1009,30,70,25,77,11,52,25,77,7,11,25,77,6,Алматы қаласы
2020-08-11,32,89,21,70,28,82,0.0,12.3,6,2020,8,11,24,32,89,7,11,182,S,176,Patchy rain possible,3.0,0.1,34,10,6,1008,30,32,26,80,8,47,26,78,12,19,26,80,6,Алматы қаласы
2020-08-12,29,85,16,60,25,76,0.0,11.1,5,2020,8,12,24,29,85,4,6,198,SSW,176,Patchy rain possible,2.3,0.1,41,10,6,1009,30,45,23,73,8,46,23,73,6,10,23,73,5,Алматы қаласы
2020-08-13,26,80,15,58,22,72,0.0,9.9,5,2020,8,13,24,26,80,3,5,189,S,176,Patchy rain possible,0.8,0.0,36,10,6,1010,30,64,20,69,4,39,20,68,5,8,20,68,5,Алматы қаласы
2020-08-14,31,87,17,63,26,79,0.0,14.0,7,2020,8,14,24,31,87,5,8,210,SSW,116,Partly cloudy,0.1,0.0,35,10,6,1011,30,11,24,74,6,43,24,75,7,11,24,74,7,Алматы қаласы
2020-08-15,33,91,19,67,28,82,0.0,12.2,6,2020,8,15,24,33,91,4,7,246,WSW,176,Patchy rain possible,0.4,0.0,27,10,6,1010,30,22,26,79,5,40,26,79,6,10,26,79,6,Алматы қаласы
2020-08-16,32,90,16,60,28,82,0.0,13.3,6,2020,8,16,24,32,90,5,7,210,SSW,176,Patchy rain possible,0.3,0.0,30,10,6,1008,30,19,25,76,5,41,25,77,8,12,25,76,6,Алматы қаласы
2020-08-17,36,98,16,61,30,85,0.0,13.3,6,2020,8,17,24,36,98,6,9,162,SSE,263,Patchy light drizzle,2.7,0.1,34,9,5,1008,30,27,27,80,7,44,26,80,9,15,27,80,6,Алматы қаласы
2020-08-18,20,69,16,62,19,65,0.0,10.4,4,2020,8,18,24,20,69,5,8,210,SSW,293,Patchy light rain,6.4,0.3,62,9,5,1011,30,39,18,65,11,51,18,65,8,13,18,65,4,Алматы қаласы
2020-08-19,26,78,13,56,21,71,0.0,8.0,5,2020,8,19,24,26,78,4,7,126,SE,176,Patchy rain possible,0.6,0.0,51,10,6,1012,30,60,20,68,9,48,20,68,6,10,20,68,5,Алматы қаласы
2020-08-20,29,85,18,64,25,77,0.0,7.9,5,2020,8,20,24,29,85,4,7,235,SW,176,Patchy rain possible,1.6,0.1,39,10,6,1009,30,41,24,75,8,46,24,74,7,11,24,75,5,Алматы қаласы
2020-08-21,27,81,18,64,24,75,0.0,9.2,5,2020,8,21,24,27,81,6,10,229,SW,176,Patchy rain possible,0.5,0.0,35,10,6,1012,30,34,23,74,6,42,22,72,9,15,23,74,5,Алматы қаласы
2020-08-22,28,83,15,58,23,74,0.0,7.9,5,2020,8,22,24,28,83,3,5,212,SSW,122,Overcast,0.0,0.0,34,10,6,1010,30,43,22,72,4,40,22,71,6,10,22,72,5,Алматы қаласы
2020-08-23,31,87,13,56,25,77,0.0,11.6,7,2020,8,23,24,31,87,4,6,248,WSW,116,Partly cloudy,0.0,0.0,31,10,6,1008,30,9,23,73,4,39,23,73,7,10,23,73,7,Алматы қаласы
2020-08-24,33,92,14,58,27,80,0.0,11.6,7,2020,8,24,24,33,92,5,8,152,SSE,116,Partly cloudy,0.0,0.0,28,10,6,1007,30,21,24,75,4,39,24,76,7,12,24,75,7,Алматы қаласы
2020-08-25,30,86,17,63,26,78,0.0,10.4,6,2020,8,25,24,30,86,7,11,236,WSW,176,Patchy rain possible,0.1,0.0,33,10,6,1009,30,25,24,76,6,43,24,76,10,16,24,76,6,Алматы қаласы
2020-08-26,27,80,11,53,22,72,0.0,7.9,5,2020,8,26,24,27,80,4,7,125,SE,263,Patchy light drizzle,2.1,0.1,54,9,5,1012,30,41,21,69,9,48,20,68,6,10,21,69,5,Алматы қаласы
2020-08-27,19,66,12,54,16,61,0.0,6.6,4,2020,8,27,24,19,66,4,6,178,S,353,Light rain shower,40.6,1.6,79,8,4,1017,31,79,15,59,11,53,15,59,4,7,15,59,4,Алматы қаласы
2020-08-28,23,73,13,56,19,67,0.0,9.1,4,2020,8,28,24,23,73,4,7,133,SE,176,Patchy rain possible,0.4,0.0,56,10,6,1018,31,42,19,65,9,48,18,65,6,10,18,65,4,Алматы қаласы
2020-08-29,24,75,17,62,22,71,0.0,11.6,6,2020,8,29,24,24,75,5,9,140,SE,116,Partly cloudy,0.0,0.0,42,10,6,1015,30,3,22,71,6,44,20,69,7,12,20,69,6,Алматы қаласы
2020-08-30,29,84,14,58,23,74,0.0,9.1,5,2020,8,30,24,29,84,3,5,218,SW,176,Patchy rain possible,0.3,0.0,45,10,6,1013,30,21,22,71,8,46,21,69,5,8,22,71,5,Алматы қаласы
2020-08-31,29,84,13,56,25,76,0.0,10.3,5,2020,8,31,24,29,84,4,6,139,SE,353,Light rain shower,0.4,0.0,38,10,6,1013,30,25,22,72,6,43,22,71,7,11,22,72,5,Алматы қаласы
2020-08-01,29,85,18,65,25,77,0.0,15.6,7,2020,8,1,24,29,85,4,6,95,E,116,Partly cloudy,0.0,0.0,50,10,6,1013,30,22,24,76,12,54,24,75,6,10,24,76,7,Астана қаласы
2020-08-02,30,86,19,66,26,79,0.0,14.5,7,2020,8,2,24,30,86,10,16,101,E,116,Partly cloudy,0.0,0.0,46,10,6,1015,30,7,25,77,12,54,25,77,15,24,25,77,7,Астана қаласы
2020-08-03,30,86,20,67,27,80,0.0,14.5,7,2020,8,3,24,30,86,11,17,55,NE,116,Partly cloudy,0.0,0.0,49,10,6,1014,30,16,26,78,14,56,25,77,16,25,26,78,7,Астана қаласы
2020-08-04,27,81,17,63,23,74,0.0,13.5,5,2020,8,4,24,27,81,13,21,58,ENE,122,Overcast,0.0,0.0,56,10,6,1011,30,26,23,74,13,56,23,73,19,30,23,74,5,Астана қаласы
2020-08-05,28,82,17,63,24,75,0.0,14.5,6,2020,8,5,24,28,82,14,23,64,ENE,116,Partly cloudy,0.0,0.0,54,10,6,1012,30,6,24,75,12,54,23,73,21,34,24,75,6,Астана қаласы
2020-08-06,28,83,17,62,24,76,0.0,14.5,6,2020,8,6,24,28,83,13,21,85,E,113,Sunny,0.0,0.0,45,10,6,1015,30,1,24,75,10,50,23,74,20,32,24,75,6,Астана қаласы
2020-08-07,31,87,17,63,26,79,0.0,14.5,7,2020,8,7,24,31,87,11,17,97,E,116,Partly cloudy,0.0,0.0,35,10,6,1012,30,1,24,76,7,45,25,76,17,27,24,76,7,Астана қаласы
2020-08-08,31,87,19,67,26,79,0.0,14.5,7,2020,8,8,24,31,87,10,16,116,ESE,116,Partly cloudy,0.0,0.0,40,10,6,1005,30,11,26,78,10,51,25,77,15,24,26,78,7,Астана қаласы
2020-08-09,29,85,19,67,25,77,0.0,11.4,5,2020,8,9,24,29,85,15,24,172,S,176,Patchy rain possible,3.7,0.1,43,9,5,998,30,67,24,75,11,51,24,74,24,38,24,75,5,Астана қаласы
2020-08-10,30,85,17,63,25,76,0.0,13.5,5,2020,8,10,24,30,85,11,17,213,SSW,176,Patchy rain possible,0.7,0.0,51,10,6,997,30,56,23,73,11,52,23,73,17,27,23,73,5,Астана қаласы
2020-08-11,20,68,8,47,16,61,0.0,11.4,4,2020,8,11,24,20,68,10,15,203,SSW,353,Light rain shower,6.4,0.3,71,9,5,996,30,78,16,61,12,53,15,60,14,23,15,60,4,Астана қаласы
2020-08-12,23,73,14,57,19,66,0.0,9.3,4,2020,8,12,24,23,73,12,19,250,WSW,386,Patchy light rain with thunder,13.8,0.5,73,9,5,997,30,84,19,66,12,54,18,64,18,30,18,64,4,Астана қаласы
2020-08-13,19,66,13,56,17,62,0.0,10.3,4,2020,8,13,24,19,66,11,17,296,WNW,353,Light rain shower,1.6,0.1,80,10,6,1005,30,76,16,60,12,54,15,59,15,24,15,59,4,Астана қаласы
2020-08-14,18,65,10,50,15,58,0.0,11.3,3,2020,8,14,24,18,65,6,9,299,WNW,176,Patchy rain possible,0.2,0.0,72,9,5,1010,30,65,15,58,10,49,13,56,8,13,13,56,3,Астана қаласы
2020-08-15,23,74,13,56,19,66,0.0,11.6,4,2020,8,15,24,23,74,3,5,137,SE,176,Patchy rain possible,0.4,0.0,55,10,6,1011,30,48,18,65,9,48,18,64,5,7,18,64,4,Астана қаласы
2020-08-16,26,79,14,58,22,71,0.0,10.5,5,2020,8,16,24,26,79,8,13,121,ESE,122,Overcast,0.0,0.0,48,10,6,1005,30,32,21,69,9,48,20,68,14,22,20,68,5,Астана қаласы
2020-08-17,23,73,14,57,20,68,0.0,11.6,5,2020,8,17,24,23,73,13,21,234,SW,116,Partly cloudy,0.0,0.0,53,10,6,1001,30,15,20,68,8,47,19,66,18,30,19,66,5,Астана қаласы
2020-08-18,21,70,14,57,19,66,0.0,11.6,4,2020,8,18,24,21,70,12,20,231,SW,386,Patchy light rain with thunder,2.0,0.1,52,9,5,1000,30,57,17,63,7,45,17,63,17,27,17,63,4,Астана қаласы
2020-08-19,20,69,13,56,16,61,0.0,8.2,4,2020,8,19,24,20,69,14,23,239,WSW,386,Patchy light rain with thunder,4.7,0.2,62,10,5,1000,30,64,16,60,8,47,14,58,21,33,14,58,4,Астана қаласы
2020-08-20,19,66,10,49,15,59,0.0,9.3,3,2020,8,20,24,19,66,13,20,248,WSW,266,Light drizzle,1.7,0.1,54,9,5,1004,30,30,14,58,4,39,13,55,19,30,13,55,3,Астана қаласы
2020-08-21,18,64,10,51,15,60,0.0,7.1,4,2020,8,21,24,18,64,13,21,240,WSW,353,Light rain shower,1.8,0.1,59,8,4,1005,30,74,14,58,6,43,13,56,19,31,13,56,4,Астана қаласы
2020-08-22,20,68,11,51,17,62,0.0,9.3,4,2020,8,22,24,20,68,11,18,231,SW,353,Light rain shower,2.6,0.1,68,10,6,1006,30,60,15,59,9,48,14,58,16,26,14,58,4,Астана қаласы
2020-08-23,21,69,11,52,17,63,0.0,9.3,4,2020,8,23,24,21,69,8,13,284,WNW,353,Light rain shower,0.6,0.0,67,10,6,1006,30,44,16,60,9,49,15,60,12,19,15,60,4,Астана қаласы
2020-08-24,21,69,11,52,17,63,0.0,11.6,5,2020,8,24,24,21,69,4,7,212,SSW,116,Partly cloudy,0.3,0.0,64,10,6,1007,30,32,16,61,9,47,16,61,6,10,16,61,5,Астана қаласы
2020-08-25,20,68,12,53,17,63,0.0,11.6,5,2020,8,25,24,20,68,10,17,175,S,116,Partly cloudy,0.1,0.0,61,10,6,1009,30,41,16,61,8,47,15,60,15,24,15,60,5,Астана қаласы
2020-08-26,24,76,12,53,20,67,0.0,11.6,5,2020,8,26,24,24,76,8,13,258,WSW,116,Partly cloudy,0.0,0.0,54,10,6,1014,30,20,19,66,8,46,18,64,12,19,18,64,5,Астана қаласы
2020-08-27,23,74,14,57,20,67,0.0,11.6,5,2020,8,27,24,23,74,9,14,329,NNW,116,Partly cloudy,0.0,0.0,67,10,6,1014,30,21,20,68,11,53,19,65,12,19,19,65,5,Астана қаласы
2020-08-28,23,73,12,53,18,65,0.0,11.6,5,2020,8,28,24,23,73,5,7,295,WNW,116,Partly cloudy,0.0,0.0,57,10,6,1019,31,12,18,64,8,46,17,63,7,11,17,63,5,Астана қаласы
2020-08-29,26,79,14,57,22,71,0.0,11.6,6,2020,8,29,24,26,79,5,7,178,S,116,Partly cloudy,0.0,0.0,48,10,6,1020,31,20,21,69,9,48,20,69,7,12,20,69,6,Астана қаласы
2020-08-30,28,82,17,63,24,75,0.0,11.6,6,2020,8,30,24,28,82,9,14,54,NE,116,Partly cloudy,0.0,0.0,48,10,6,1019,31,11,23,73,10,51,22,72,13,22,23,73,6,Астана қаласы
2020-08-31,29,84,17,63,25,76,0.0,11.6,6,2020,8,31,24,29,84,5,8,75,ENE,116,Partly cloudy,0.0,0.0,41,10,6,1019,31,25,23,73,8,47,23,73,8,13,23,73,6,Астана қаласы
2020-08-01,35,94,24,75,30,87,0.0,14.5,8,2020,8,1,24,35,94,14,23,200,SSW,116,Partly cloudy,0.0,0.0,28,10,6,1008,30,20,29,83,8,46,29,84,20,32,29,83,8,Атырау
2020-08-02,32,89,24,75,29,83,0.0,13.5,7,2020,8,2,24,32,89,7,11,236,SW,116,Partly cloudy,0.0,0.0,34,10,6,1005,30,31,27,81,10,50,28,82,10,17,27,81,7,Атырау
2020-08-03,26,79,13,55,21,70,0.0,10.3,5,2020,8,3,24,26,79,14,22,191,SSW,308,Heavy rain,11.0,0.4,60,8,5,1008,30,60,22,72,14,56,22,71,19,31,22,71,5,Атырау
2020-08-04,24,75,12,53,21,70,0.0,10.3,5,2020,8,4,24,24,75,12,19,316,NW,353,Light rain shower,3.1,0.1,62,10,6,1009,30,50,20,68,12,54,19,66,17,27,19,66,5,Атырау
2020-08-05,26,78,17,62,22,72,0.0,8.3,5,2020,8,5,24,26,78,14,22,149,SSE,353,Light rain shower,4.1,0.2,59,9,5,1006,30,75,22,71,12,54,21,70,18,29,22,71,5,Атырау
2020-08-06,32,89,22,72,27,81,0.0,11.6,6,2020,8,6,24,32,89,9,14,46,NE,200,Thundery outbreaks possible,0.6,0.0,50,10,5,1008,30,32,27,81,14,58,26,79,12,20,27,81,6,Атырау
2020-08-07,33,91,25,77,30,85,0.0,11.6,7,2020,8,7,24,33,91,14,23,296,WNW,116,Partly cloudy,1.4,0.1,42,10,6,1007,30,36,29,84,14,58,29,84,20,32,29,84,7,Атырау
2020-08-08,31,89,26,78,29,84,0.0,11.6,7,2020,8,8,24,31,89,16,25,338,NNW,116,Partly cloudy,0.0,0.0,41,10,6,1005,30,17,29,84,14,57,29,84,22,35,29,84,7,Атырау
2020-08-09,27,81,22,72,25,77,0.0,11.6,6,2020,8,9,24,27,81,15,24,341,NNW,116,Partly cloudy,0.0,0.0,44,10,6,1004,30,13,26,79,11,53,25,78,19,31,26,79,6,Атырау
2020-08-10,28,82,20,69,24,75,0.0,11.6,6,2020,8,10,24,28,82,15,23,330,NNW,116,Partly cloudy,0.0,0.0,38,10,6,1007,30,9,24,75,8,47,24,75,20,32,24,75,6,Атырау
2020-08-11,26,80,20,68,23,74,0.0,11.6,6,2020,8,11,24,26,80,10,17,335,NNW,116,Partly cloudy,0.0,0.0,35,10,6,1010,30,5,23,74,6,43,23,74,14,23,23,74,6,Атырау
2020-08-12,29,83,21,69,25,78,0.0,11.6,7,2020,8,12,24,29,83,5,9,277,W,116,Partly cloudy,0.0,0.0,30,10,6,1010,30,5,24,76,5,41,25,76,8,12,24,76,7,Атырау
2020-08-13,29,84,23,73,27,80,0.0,11.6,6,2020,8,13,24,29,84,12,20,208,SSW,176,Patchy rain possible,0.2,0.0,47,10,6,1008,30,42,26,79,13,56,26,78,18,28,26,79,6,Атырау
2020-08-14,28,83,22,72,26,78,0.0,11.6,7,2020,8,14,24,28,83,11,17,275,W,116,Partly cloudy,1.3,0.1,42,10,6,1007,30,14,25,78,9,49,25,77,14,23,25,78,7,Атырау
2020-08-15,25,77,20,68,23,73,0.0,11.6,6,2020,8,15,24,25,77,14,22,298,WNW,116,Partly cloudy,0.0,0.0,36,10,6,1008,30,13,23,73,7,44,23,73,18,29,23,73,6,Атырау
2020-08-16,23,74,16,62,20,69,0.0,11.6,6,2020,8,16,24,23,74,14,23,292,WNW,116,Partly cloudy,0.0,0.0,43,10,6,1010,30,30,21,69,7,44,20,68,19,31,20,68,6,Атырау
2020-08-17,25,76,18,64,22,71,0.0,11.6,6,2020,8,17,24,25,76,13,21,296,WNW,116,Partly cloudy,0.0,0.0,36,10,6,1010,30,19,22,72,5,42,22,71,18,29,22,71,6,Атырау
2020-08-18,25,78,18,64,24,75,0.0,11.6,6,2020,8,18,24,25,78,17,27,297,WNW,116,Partly cloudy,0.0,0.0,35,10,6,1008,30,13,24,75,6,43,23,73,23,37,24,75,6,Атырау
2020-08-19,28,82,20,67,25,77,0.0,11.6,6,2020,8,19,24,28,82,6,10,215,SW,116,Partly cloudy,0.0,0.0,29,10,6,1009,30,29,24,75,5,41,24,75,9,14,24,75,6,Атырау
2020-08-20,28,83,24,75,26,79,0.0,11.6,7,2020,8,20,24,28,83,6,9,217,SW,116,Partly cloudy,0.0,0.0,28,10,6,1009,30,38,25,77,6,43,26,78,8,12,25,77,7,Атырау
2020-08-21,26,80,21,70,24,76,0.0,11.6,6,2020,8,21,24,26,80,12,20,39,NE,116,Partly cloudy,0.0,0.0,27,10,6,1010,30,13,24,75,3,38,24,75,17,27,24,75,6,Атырау
2020-08-22,24,76,19,65,22,71,0.0,10.4,5,2020,8,22,24,24,76,12,19,43,NE,122,Overcast,0.0,0.0,32,10,6,1011,30,35,22,71,4,39,22,71,17,27,22,71,5,Атырау
2020-08-23,25,77,19,67,23,73,0.0,11.6,6,2020,8,23,24,25,77,14,23,29,NNE,116,Partly cloudy,0.0,0.0,38,10,6,1009,30,23,23,73,7,44,22,72,20,32,23,73,6,Атырау
2020-08-24,26,79,18,65,23,73,0.0,11.6,6,2020,8,24,24,26,79,13,20,52,NE,116,Partly cloudy,0.0,0.0,37,10,6,1011,30,12,22,72,6,43,22,72,18,30,22,72,6,Атырау
2020-08-25,28,83,20,69,25,77,0.0,11.6,6,2020,8,25,24,28,83,7,11,51,NE,116,Partly cloudy,0.0,0.0,32,10,6,1016,30,6,24,75,6,43,24,76,11,18,24,75,6,Атырау
2020-08-26,30,87,22,71,27,81,0.0,11.6,7,2020,8,26,24,30,87,4,7,220,SW,116,Partly cloudy,0.0,0.0,27,10,6,1016,30,4,26,78,5,41,26,79,7,11,26,78,7,Атырау
2020-08-27,32,90,22,71,28,83,0.0,11.6,7,2020,8,27,24,32,90,10,16,167,SSE,116,Partly cloudy,0.0,0.0,24,10,6,1014,30,4,26,79,4,39,27,80,15,24,26,79,7,Атырау
2020-08-28,32,90,23,73,29,84,0.0,11.6,6,2020,8,28,24,32,90,10,16,176,S,119,Cloudy,0.0,0.0,22,10,6,1012,30,16,26,79,3,38,27,81,15,24,26,79,6,Атырау
2020-08-29,31,88,23,73,28,82,0.0,11.6,6,2020,8,29,24,31,88,5,8,247,WSW,119,Cloudy,0.0,0.0,21,10,6,1012,30,26,26,78,3,37,27,80,8,13,26,78,6,Атырау
2020-08-30,30,86,23,73,27,80,0.0,11.6,7,2020,8,30,24,30,86,10,16,281,WNW,116,Partly cloudy,0.7,0.0,34,10,6,1016,30,12,26,79,9,48,27,80,15,25,26,79,7,Атырау
2020-08-31,34,93,24,74,30,85,0.0,11.6,7,2020,8,31,24,34,93,13,20,64,ENE,116,Partly cloudy,0.0,0.0,31,10,6,1016,30,9,28,83,9,49,29,84,19,31,28,83,7,Атырау
2020-08-01,29,84,18,64,25,77,0.0,14.5,7,2020,8,1,24,29,84,5,8,108,ESE,116,Partly cloudy,0.0,0.0,47,10,6,1013,30,16,23,74,11,51,23,74,8,12,23,74,7,Қарағанды
2020-08-02,28,83,17,63,24,76,0.0,14.5,6,2020,8,2,24,28,83,14,23,79,ENE,116,Partly cloudy,0.0,0.0,48,10,6,1014,30,8,24,74,11,52,23,74,20,33,24,74,6,Қарағанды
2020-08-03,27,81,19,65,24,76,0.0,13.5,5,2020,8,3,24,27,81,15,24,53,NE,119,Cloudy,0.0,0.0,52,10,6,1012,30,20,24,76,13,55,23,74,21,33,24,76,5,Қарағанды
2020-08-04,26,79,17,62,23,73,0.0,14.5,6,2020,8,4,24,26,79,14,23,55,NE,116,Partly cloudy,0.0,0.0,56,10,6,1009,30,15,23,73,12,54,22,72,19,31,23,73,6,Қарағанды
2020-08-05,28,82,18,64,24,75,0.0,14.5,6,2020,8,5,24,28,82,15,24,65,ENE,116,Partly cloudy,0.0,0.0,52,10,6,1010,30,14,24,75,12,54,23,74,20,33,24,75,6,Қарағанды
2020-08-06,29,84,17,62,24,76,0.0,14.5,6,2020,8,6,24,29,84,14,23,84,E,116,Partly cloudy,0.0,0.0,41,10,6,1014,30,1,24,74,8,47,23,74,21,34,24,74,6,Қарағанды
2020-08-07,30,86,17,63,25,77,0.0,14.5,7,2020,8,7,24,30,86,11,17,93,E,116,Partly cloudy,0.0,0.0,33,10,6,1012,30,2,24,75,6,43,24,75,18,28,24,75,7,Қарағанды
2020-08-08,32,90,20,67,27,81,0.0,14.5,7,2020,8,8,24,32,90,12,19,111,ESE,116,Partly cloudy,0.0,0.0,35,10,6,1006,30,13,25,78,8,47,26,78,19,30,25,78,7,Қарағанды
2020-08-09,26,78,21,71,24,75,0.0,12.4,5,2020,8,9,24,26,78,14,23,166,SSE,176,Patchy rain possible,1.6,0.1,39,10,6,1000,30,35,25,76,9,48,24,74,22,36,25,76,5,Қарағанды
2020-08-10,30,87,18,64,26,78,0.0,14.5,7,2020,8,10,24,30,87,10,17,211,SSW,116,Partly cloudy,0.4,0.0,46,10,6,999,30,32,24,75,10,50,24,75,17,27,24,75,7,Қарағанды
2020-08-11,24,74,16,60,19,67,0.0,12.4,4,2020,8,11,24,24,74,13,21,221,SW,176,Patchy rain possible,0.2,0.0,52,10,6,998,30,42,20,68,9,48,19,67,19,30,19,67,4,Қарағанды
2020-08-12,21,69,13,55,18,64,0.0,11.3,4,2020,8,12,24,21,69,16,25,243,WSW,353,Light rain shower,3.7,0.1,66,10,6,1000,30,74,17,63,11,52,17,62,22,36,17,62,4,Қарағанды
2020-08-13,19,66,9,48,16,62,0.0,9.2,4,2020,8,13,24,19,66,10,16,289,WNW,176,Patchy rain possible,2.4,0.1,74,10,6,1005,30,77,16,60,12,53,15,59,13,21,15,59,4,Қарағанды
2020-08-14,21,69,13,56,18,64,0.0,10.3,4,2020,8,14,24,21,69,6,9,275,W,176,Patchy rain possible,0.4,0.0,68,10,6,1010,30,63,17,62,10,51,17,62,8,13,17,62,4,Қарағанды
2020-08-15,22,71,13,55,18,65,0.0,14.5,5,2020,8,15,24,22,71,6,9,68,ENE,116,Partly cloudy,0.0,0.0,59,10,6,1011,30,33,18,64,9,48,17,62,9,15,17,62,5,Қарағанды
2020-08-16,29,83,15,58,23,74,0.0,13.4,5,2020,8,16,24,29,83,10,16,136,SE,119,Cloudy,0.0,0.0,44,10,6,1006,30,21,21,70,7,45,21,70,16,25,21,70,5,Қарағанды
2020-08-17,24,76,14,58,20,68,0.0,11.6,5,2020,8,17,24,24,76,11,18,243,WSW,116,Partly cloudy,2.1,0.1,50,10,6,1003,30,29,20,68,8,47,19,67,16,26,19,67,5,Қарағанды
2020-08-18,21,70,14,58,19,66,0.0,10.5,4,2020,8,18,24,21,70,12,19,256,WSW,122,Overcast,0.1,0.0,45,10,6,1002,30,35,18,64,5,42,18,64,16,25,18,64,4,Қарағанды
2020-08-19,21,69,14,57,17,63,0.0,10.5,4,2020,8,19,24,21,69,17,27,234,SW,266,Light drizzle,0.3,0.0,50,9,5,1003,30,47,17,63,7,44,16,61,23,37,16,61,4,Қарағанды
2020-08-20,19,66,10,51,16,62,0.0,11.6,5,2020,8,20,24,19,66,11,17,249,WSW,116,Partly cloudy,0.0,0.0,50,10,6,1005,30,18,15,59,4,40,15,58,15,24,15,58,5,Қарағанды
2020-08-21,18,64,10,50,15,60,0.0,10.5,4,2020,8,21,24,18,64,12,19,243,WSW,122,Overcast,0.0,0.0,52,10,6,1007,30,35,14,58,4,40,13,56,17,27,13,56,4,Қарағанды
2020-08-22,21,69,11,51,17,63,0.0,9.3,4,2020,8,22,24,21,69,7,12,231,SW,122,Overcast,0.1,0.0,65,10,6,1008,30,52,16,61,7,45,15,59,12,19,15,59,4,Қарағанды
2020-08-23,22,72,11,51,18,65,0.0,11.6,5,2020,8,23,24,22,72,7,11,263,W,116,Partly cloudy,0.0,0.0,55,10,6,1006,30,14,17,62,6,44,16,61,11,17,16,61,5,Қарағанды
2020-08-24,20,68,11,52,17,63,0.0,11.6,5,2020,8,24,24,20,68,4,6,195,SSW,116,Partly cloudy,0.3,0.0,60,10,6,1007,30,34,17,62,8,46,16,61,6,9,16,61,5,Қарағанды
2020-08-25,20,67,13,55,17,62,0.0,9.3,4,2020,8,25,24,20,67,11,18,149,SSE,308,Heavy rain,30.5,1.2,69,8,5,1007,30,65,16,60,10,49,15,59,14,22,15,59,4,Қарағанды
2020-08-26,21,70,11,52,17,63,0.0,11.6,5,2020,8,26,24,21,70,5,8,261,W,116,Partly cloudy,0.0,0.0,51,10,6,1015,30,10,17,62,5,42,16,61,8,12,16,61,5,Қарағанды
2020-08-27,24,74,15,59,20,68,0.0,9.3,4,2020,8,27,24,24,74,8,13,288,WNW,176,Patchy rain possible,0.1,0.0,48,10,6,1013,30,40,19,67,7,45,19,66,13,21,19,66,4,Қарағанды
2020-08-28,21,70,12,53,17,62,0.0,11.6,5,2020,8,28,24,21,70,6,10,102,ESE,116,Partly cloudy,0.0,0.0,58,10,6,1019,31,6,17,62,7,45,16,60,9,14,16,60,5,Қарағанды
2020-08-29,24,75,13,55,20,67,0.0,11.6,5,2020,8,29,24,24,75,6,9,74,ENE,116,Partly cloudy,0.0,0.0,49,10,6,1021,31,9,19,66,7,45,18,65,8,13,18,65,5,Қарағанды
2020-08-30,26,79,14,57,22,71,0.0,11.6,6,2020,8,30,24,26,79,7,12,79,E,116,Partly cloudy,0.0,0.0,45,10,6,1019,31,15,20,68,8,46,20,68,11,18,20,68,6,Қарағанды
2020-08-31,27,80,16,60,23,73,0.0,11.6,6,2020,8,31,24,27,80,10,16,72,ENE,116,Partly cloudy,0.0,0.0,45,10,6,1018,31,5,22,71,8,46,22,71,15,24,22,71,6,Қарағанды
2020-08-01,30,86,18,64,25,76,0.0,14.5,6,2020,8,1,24,30,86,7,11,218,SW,116,Partly cloudy,0.0,0.0,51,10,6,1010,30,17,24,76,13,55,24,75,11,18,24,76,6,Қостанай
2020-08-02,33,92,21,69,28,83,0.0,14.5,7,2020,8,2,24,33,92,10,15,155,SSE,116,Partly cloudy,0.0,0.0,41,10,6,1011,30,12,28,82,12,53,27,80,16,25,28,82,7,Қостанай
2020-08-03,32,90,21,70,28,83,0.0,14.5,7,2020,8,3,24,32,90,12,20,145,SE,116,Partly cloudy,0.0,0.0,45,10,6,1012,30,5,29,83,14,56,27,81,21,33,29,83,7,Қостанай
2020-08-04,30,86,21,70,26,80,0.0,14.5,7,2020,8,4,24,30,86,13,21,103,ESE,116,Partly cloudy,0.0,0.0,53,10,6,1012,30,7,27,80,15,59,26,78,20,32,27,80,7,Қостанай
2020-08-05,28,82,19,66,24,75,0.0,14.5,6,2020,8,5,24,28,82,12,20,73,ENE,116,Partly cloudy,0.0,0.0,62,10,6,1014,30,9,24,76,16,60,23,73,19,30,24,76,6,Қостанай
2020-08-06,29,83,18,64,25,76,0.0,14.5,6,2020,8,6,24,29,83,14,22,71,ENE,116,Partly cloudy,0.0,0.0,56,10,6,1015,30,4,24,75,14,57,23,74,21,34,24,75,6,Қостанай
2020-08-07,30,86,18,64,25,78,0.0,14.5,7,2020,8,7,24,30,86,14,23,75,ENE,116,Partly cloudy,0.0,0.0,52,10,6,1011,30,5,25,76,13,55,24,75,22,35,25,76,7,Қостанай
2020-08-08,26,79,19,66,22,72,0.0,9.5,5,2020,8,8,24,26,79,7,12,148,SSE,356,Moderate or heavy rain shower,12.7,0.5,67,9,5,1004,30,70,23,73,15,60,21,71,12,19,23,73,5,Қостанай
2020-08-09,24,74,16,60,21,69,0.0,11.5,5,2020,8,9,24,24,74,8,12,121,ESE,176,Patchy rain possible,6.6,0.3,75,9,5,995,30,57,21,69,15,60,20,68,12,19,20,68,5,Қостанай
2020-08-10,22,71,15,60,19,66,0.0,10.4,4,2020,8,10,24,22,71,9,14,194,SSW,176,Patchy rain possible,0.7,0.0,74,10,6,990,30,68,20,67,14,57,19,66,13,21,19,66,4,Қостанай
2020-08-11,22,72,15,59,19,66,0.0,11.4,4,2020,8,11,24,22,72,9,14,270,W,353,Light rain shower,4.2,0.2,75,10,6,994,30,44,18,64,13,55,18,64,13,20,18,64,4,Қостанай
2020-08-12,16,60,14,57,15,59,0.0,9.4,3,2020,8,12,24,16,60,14,23,333,NNW,266,Light drizzle,0.8,0.0,85,8,4,1003,30,98,15,59,12,54,14,57,19,30,14,57,3,Қостанай
2020-08-13,19,66,10,50,16,60,0.0,14.5,5,2020,8,13,24,19,66,8,13,291,WNW,116,Partly cloudy,0.0,0.0,67,10,6,1010,30,23,15,59,9,48,14,58,12,19,14,58,5,Қостанай
2020-08-14,21,69,10,51,16,61,0.0,13.5,5,2020,8,14,24,21,69,5,7,119,ESE,116,Partly cloudy,0.1,0.0,62,10,6,1011,30,25,15,59,8,46,14,57,7,12,14,57,5,Қостанай
2020-08-15,25,77,15,59,20,68,0.0,14.5,5,2020,8,15,24,25,77,9,15,163,SSE,353,Light rain shower,0.4,0.0,58,10,6,1006,30,39,19,67,11,51,19,66,15,24,19,66,5,Қостанай
2020-08-16,21,70,14,58,18,64,0.0,10.3,4,2020,8,16,24,21,70,6,10,230,SW,356,Moderate or heavy rain shower,17.3,0.7,80,9,5,1002,30,79,18,64,13,56,17,63,9,15,17,63,4,Қостанай
2020-08-17,19,65,11,53,16,60,0.0,10.3,4,2020,8,17,24,19,65,10,16,235,SW,359,Torrential rain shower,17.9,0.7,81,8,5,997,30,67,15,59,12,53,14,57,18,28,14,57,4,Қостанай
2020-08-18,17,62,10,51,14,58,0.0,10.3,3,2020,8,18,24,17,62,12,19,255,WSW,356,Moderate or heavy rain shower,7.1,0.3,78,10,5,995,30,71,14,56,10,49,12,54,18,29,12,54,3,Қостанай
2020-08-19,16,61,9,48,13,56,0.0,11.3,3,2020,8,19,24,16,61,14,23,277,W,353,Light rain shower,3.4,0.1,73,10,5,999,30,61,12,54,7,45,10,50,21,33,10,50,3,Қостанай
2020-08-20,16,60,9,47,13,55,0.0,9.2,3,2020,8,20,24,16,60,14,23,267,W,353,Light rain shower,1.4,0.1,75,10,6,1001,30,85,12,53,7,45,9,49,21,34,9,49,3,Қостанай
2020-08-21,18,65,10,49,15,59,0.0,7.1,3,2020,8,21,24,18,65,12,19,285,WNW,353,Light rain shower,2.9,0.1,80,8,4,1003,30,85,14,57,10,50,12,54,17,28,12,54,3,Қостанай
2020-08-22,16,61,8,47,13,56,0.0,8.2,3,2020,8,22,24,16,61,8,14,299,WNW,176,Patchy rain possible,0.8,0.0,85,9,5,1006,30,68,13,55,11,52,11,53,12,20,11,53,3,Қостанай
2020-08-23,20,68,11,51,16,61,0.0,8.2,4,2020,8,23,24,20,68,8,13,323,NW,353,Light rain shower,4.3,0.2,80,9,5,1008,30,58,15,59,11,53,15,58,13,21,15,58,4,Қостанай
2020-08-24,20,68,11,51,16,61,0.0,10.5,4,2020,8,24,24,20,68,7,11,327,NNW,176,Patchy rain possible,0.1,0.0,75,10,6,1009,30,29,15,60,11,51,15,58,11,18,15,58,4,Қостанай
2020-08-25,22,72,11,52,17,63,0.0,11.6,5,2020,8,25,24,22,72,6,10,252,WSW,116,Partly cloudy,0.0,0.0,71,10,6,1012,30,16,17,62,11,52,16,60,10,16,16,60,5,Қостанай
2020-08-26,23,73,16,60,19,66,0.0,9.3,4,2020,8,26,24,23,73,8,13,286,WNW,119,Cloudy,0.0,0.0,73,10,6,1013,30,48,19,66,14,56,18,65,14,22,18,65,4,Қостанай
2020-08-27,24,74,13,56,19,67,0.0,11.6,5,2020,8,27,24,24,74,5,8,287,WNW,116,Partly cloudy,0.0,0.0,70,10,6,1016,30,8,19,67,13,55,18,65,8,14,18,65,5,Қостанай
2020-08-28,27,81,16,61,22,72,0.0,11.6,6,2020,8,28,24,27,81,8,13,211,SSW,116,Partly cloudy,0.0,0.0,57,10,6,1017,31,13,22,72,12,54,21,70,13,21,22,72,6,Қостанай
2020-08-29,29,85,19,66,25,77,0.0,11.6,7,2020,8,29,24,29,85,8,13,207,SSW,116,Partly cloudy,0.4,0.0,51,10,6,1018,31,32,24,75,12,54,24,75,13,22,24,75,7,Қостанай
2020-08-30,29,84,19,65,25,76,0.0,9.3,5,2020,8,30,24,29,84,6,10,165,SSE,386,Patchy light rain with thunder,2.4,0.1,52,10,6,1018,31,46,24,75,12,54,23,74,11,17,24,75,5,Қостанай
2020-08-31,29,84,19,66,25,77,0.0,11.6,6,2020,8,31,24,29,84,7,11,229,SW,116,Partly cloudy,0.0,0.0,46,10,6,1018,31,10,25,77,11,51,24,75,11,18,25,77,6,Қостанай
2020-08-01,35,94,24,75,30,86,0.0,11.4,7,2020,8,1,24,35,94,16,26,56,NE,176,Patchy rain possible,0.8,0.0,27,10,6,1005,30,49,29,84,8,46,29,85,24,39,29,84,7,Қызылорда
2020-08-02,36,97,22,71,30,87,0.0,14.5,8,2020,8,2,24,36,97,11,18,75,ENE,116,Partly cloudy,0.0,0.0,30,10,6,1005,30,7,29,84,8,47,28,83,17,28,29,84,8,Қызылорда
2020-08-03,38,100,24,76,33,91,0.0,14.5,8,2020,8,3,24,38,100,12,20,60,ENE,116,Partly cloudy,0.0,0.0,22,10,6,1005,30,3,31,88,6,43,32,89,19,31,31,88,8,Қызылорда
2020-08-04,38,100,24,74,32,89,0.0,14.5,8,2020,8,4,24,38,100,8,14,48,NE,116,Partly cloudy,0.0,0.0,20,10,6,1001,30,2,30,86,5,41,31,87,14,23,30,86,8,Қызылорда
2020-08-05,40,103,25,77,34,94,0.0,14.3,8,2020,8,5,24,40,103,6,10,186,S,116,Partly cloudy,0.0,0.0,17,10,6,1001,30,4,32,90,4,39,33,91,10,16,32,90,8,Қызылорда
2020-08-06,35,95,19,66,28,83,0.0,14.3,7,2020,8,6,24,35,95,10,16,287,WNW,116,Partly cloudy,0.0,0.0,29,10,6,1006,30,4,27,80,6,43,27,81,16,26,27,80,7,Қызылорда
2020-08-07,35,94,22,71,30,85,0.0,14.3,7,2020,8,7,24,35,94,10,16,246,WSW,116,Partly cloudy,0.0,0.0,22,10,6,1006,30,18,27,81,4,40,28,82,16,26,27,81,7,Қызылорда
2020-08-08,34,93,22,71,30,86,0.0,14.2,7,2020,8,8,24,34,93,8,13,199,SSW,116,Partly cloudy,0.0,0.0,30,10,6,1002,30,15,28,83,8,47,28,83,12,19,28,83,7,Қызылорда
2020-08-09,35,95,22,71,30,86,0.0,14.2,7,2020,8,9,24,35,95,14,22,245,WSW,116,Partly cloudy,0.0,0.0,29,10,6,999,30,17,28,83,8,47,28,83,21,34,28,83,7,Қызылорда
2020-08-10,34,93,21,71,30,85,0.0,14.2,7,2020,8,10,24,34,93,16,25,264,W,116,Partly cloudy,0.0,0.0,28,10,6,1000,30,12,28,83,7,44,28,82,22,36,28,83,7,Қызылорда
2020-08-11,29,84,17,63,24,75,0.0,14.1,6,2020,8,11,24,29,84,16,26,276,W,116,Partly cloudy,0.0,0.0,35,10,6,1004,30,3,23,73,6,43,23,73,24,38,23,73,6,Қызылорда
2020-08-12,30,87,17,62,25,77,0.0,14.1,6,2020,8,12,24,30,87,12,20,282,WNW,116,Partly cloudy,0.0,0.0,36,10,6,1006,30,13,23,74,7,44,23,74,19,30,23,74,6,Қызылорда
2020-08-13,31,88,17,63,26,78,0.0,14.1,7,2020,8,13,24,31,88,8,13,315,NW,116,Partly cloudy,0.0,0.0,30,10,6,1006,30,8,25,77,5,42,25,76,13,21,25,77,7,Қызылорда
2020-08-14,32,90,19,67,28,82,0.0,14.1,7,2020,8,14,24,32,90,9,15,194,SSW,116,Partly cloudy,0.0,0.0,29,10,6,1007,30,2,26,80,5,42,26,80,15,24,26,80,7,Қызылорда
2020-08-15,34,93,20,68,28,83,0.0,13.4,6,2020,8,15,24,34,93,10,16,36,NE,122,Overcast,0.0,0.0,24,10,6,1006,30,19,26,79,4,39,27,80,16,25,26,79,6,Қызылорда
2020-08-16,34,94,21,71,29,85,0.0,14.0,7,2020,8,16,24,34,94,11,18,239,WSW,116,Partly cloudy,0.0,0.0,24,10,6,1003,30,18,28,82,5,41,28,83,17,27,28,82,7,Қызылорда
2020-08-17,30,85,15,60,24,76,0.0,14.0,6,2020,8,17,24,30,85,12,19,298,WNW,116,Partly cloudy,0.0,0.0,30,10,6,1006,30,4,23,73,3,38,23,73,19,30,23,73,6,Қызылорда
2020-08-18,29,83,15,59,23,74,0.0,14.0,6,2020,8,18,24,29,83,13,21,278,W,116,Partly cloudy,0.0,0.0,38,10,6,1008,30,9,21,70,6,42,22,71,20,32,21,70,6,Қызылорда
2020-08-19,31,87,16,60,25,78,0.0,13.9,7,2020,8,19,24,31,87,12,19,271,W,116,Partly cloudy,0.0,0.0,31,10,6,1008,30,11,23,74,4,39,23,74,18,29,23,74,7,Қызылорда
2020-08-20,29,84,16,61,24,75,0.0,13.9,6,2020,8,20,24,29,84,9,15,291,WNW,116,Partly cloudy,0.0,0.0,23,10,6,1007,30,4,22,72,-0,32,22,72,15,23,22,72,6,Қызылорда
2020-08-21,30,85,15,60,24,75,0.0,13.9,6,2020,8,21,24,30,85,8,14,183,S,116,Partly cloudy,0.0,0.0,29,10,6,1010,30,10,23,73,3,37,22,72,13,21,23,73,6,Қызылорда
2020-08-22,33,92,18,64,28,82,0.0,13.8,7,2020,8,22,24,33,92,8,13,222,SW,116,Partly cloudy,0.0,0.0,30,10,6,1007,30,12,26,78,6,42,26,79,12,20,26,78,7,Қызылорда
2020-08-23,34,94,21,69,29,84,0.0,13.8,7,2020,8,23,24,34,94,9,15,68,ENE,116,Partly cloudy,0.0,0.0,27,10,6,1004,30,12,27,81,6,43,27,81,14,23,27,81,7,Қызылорда
2020-08-24,38,100,24,76,32,89,0.0,13.3,7,2020,8,24,24,38,100,19,30,141,SE,122,Overcast,0.0,0.0,22,10,6,997,30,25,30,85,6,42,30,87,27,44,30,85,7,Қызылорда
2020-08-25,27,80,17,63,22,71,0.0,13.3,5,2020,8,25,24,27,80,11,17,304,WNW,119,Cloudy,0.0,0.0,46,10,6,1007,30,35,23,73,10,50,21,70,16,26,21,70,5,Қызылорда
2020-08-26,28,82,18,65,23,74,0.0,12.1,5,2020,8,26,24,28,82,11,17,73,ENE,176,Patchy rain possible,0.1,0.0,35,10,6,1012,30,33,22,72,5,42,22,72,16,26,22,72,5,Қызылорда
2020-08-27,30,85,12,54,23,73,0.0,13.7,6,2020,8,27,24,30,85,5,8,207,SSW,116,Partly cloudy,0.0,0.0,45,10,6,1015,30,6,21,69,6,43,21,69,8,13,21,69,6,Қызылорда
2020-08-28,34,92,16,61,28,83,0.0,13.7,7,2020,8,28,24,34,92,9,15,121,ESE,116,Partly cloudy,0.0,0.0,28,10,6,1014,30,6,25,77,4,40,25,78,14,23,25,77,7,Қызылорда
2020-08-29,33,91,20,69,28,83,0.0,13.6,7,2020,8,29,24,33,91,15,24,64,ENE,116,Partly cloudy,0.0,0.0,22,10,6,1012,30,0,27,80,2,36,27,81,23,37,27,80,7,Қызылорда
2020-08-30,32,90,18,65,27,80,0.0,13.6,7,2020,8,30,24,32,90,15,25,58,ENE,113,Sunny,0.0,0.0,23,10,6,1010,30,0,25,78,2,36,26,78,23,37,25,78,7,Қызылорда
2020-08-31,34,93,19,66,28,82,0.0,13.3,6,2020,8,31,24,34,93,17,27,69,ENE,176,Patchy rain possible,0.1,0.0,21,10,6,1009,30,17,26,80,2,36,27,80,26,42,26,80,6,Қызылорда
2020-08-01,28,82,25,77,27,80,0.0,11.6,7,2020,8,1,24,28,82,10,16,160,SSE,116,Partly cloudy,0.0,0.0,56,10,6,1008,30,1,27,81,17,62,26,79,17,28,27,81,7,Маңғыстау
2020-08-02,28,83,23,73,27,81,0.0,11.6,7,2020,8,2,24,28,83,6,10,210,SSW,116,Partly cloudy,0.0,0.0,51,10,6,1004,30,17,27,81,16,61,26,79,12,19,27,81,7,Маңғыстау
2020-08-03,26,78,18,64,24,75,0.0,8.3,5,2020,8,3,24,26,78,21,33,277,W,176,Patchy rain possible,1.5,0.1,68,10,5,1007,30,67,26,78,18,65,24,75,30,49,26,78,5,Маңғыстау
2020-08-04,26,78,23,73,25,77,0.0,10.5,6,2020,8,4,24,26,78,13,21,306,NW,176,Patchy rain possible,0.7,0.0,62,10,6,1011,30,22,26,79,17,62,25,76,19,31,26,79,6,Маңғыстау
2020-08-05,25,77,24,74,24,76,0.0,9.4,5,2020,8,5,24,25,77,12,19,255,WSW,299,Moderate rain at times,2.5,0.1,60,10,6,1009,30,35,26,78,16,61,24,76,17,27,26,78,5,Маңғыстау
2020-08-06,25,78,20,69,24,76,0.0,10.5,5,2020,8,6,24,25,78,19,31,294,WNW,176,Patchy rain possible,12.5,0.5,67,9,5,1008,30,49,25,78,18,64,24,75,30,48,25,78,5,Маңғыстау
2020-08-07,26,79,21,69,25,78,0.0,11.6,7,2020,8,7,24,26,79,13,20,292,WNW,116,Partly cloudy,0.0,0.0,72,10,6,1010,30,10,27,80,20,68,25,76,21,33,27,80,7,Маңғыстау
2020-08-08,27,80,21,69,26,79,0.0,11.6,7,2020,8,8,24,27,80,14,23,298,WNW,116,Partly cloudy,0.0,0.0,67,10,6,1008,30,8,27,81,19,67,25,78,27,43,27,81,7,Маңғыстау
2020-08-09,26,79,25,77,26,78,0.0,11.6,7,2020,8,9,24,26,79,9,15,282,WNW,116,Partly cloudy,0.0,0.0,64,10,6,1006,30,14,27,81,18,65,26,78,17,28,27,81,7,Маңғыстау
2020-08-10,26,78,24,75,25,77,0.0,11.6,6,2020,8,10,24,26,78,11,18,166,SSE,116,Partly cloudy,0.0,0.0,56,10,6,1009,30,7,26,79,16,60,25,77,18,29,26,79,6,Маңғыстау
2020-08-11,25,78,22,71,24,76,0.0,11.6,6,2020,8,11,24,25,78,11,18,174,S,116,Partly cloudy,0.0,0.0,52,10,6,1010,30,12,25,77,14,57,24,75,17,28,25,77,6,Маңғыстау
2020-08-12,25,78,22,72,25,77,0.0,11.6,6,2020,8,12,24,25,78,12,19,164,SSE,116,Partly cloudy,0.0,0.0,53,10,6,1011,30,17,26,78,15,58,24,76,18,29,26,78,6,Маңғыстау
2020-08-13,26,79,24,75,26,78,0.0,11.6,7,2020,8,13,24,26,79,9,15,176,S,116,Partly cloudy,0.0,0.0,56,10,6,1010,30,4,26,79,16,61,25,77,16,25,26,79,7,Маңғыстау
2020-08-14,26,78,21,70,25,78,0.0,10.5,6,2020,8,14,24,26,78,13,21,162,SSE,176,Patchy rain possible,0.2,0.0,59,10,6,1008,30,28,26,79,17,62,25,77,22,36,26,79,6,Маңғыстау
2020-08-15,24,75,19,66,23,73,0.0,10.4,5,2020,8,15,24,24,75,18,29,229,SW,122,Overcast,0.0,0.0,59,10,6,1010,30,24,25,77,15,59,23,73,26,42,25,77,5,Маңғыстау
2020-08-16,24,75,17,63,23,74,0.0,11.6,6,2020,8,16,24,24,75,11,18,309,NW,116,Partly cloudy,0.0,0.0,56,10,6,1012,30,8,24,76,14,57,22,72,16,26,24,76,6,Маңғыстау
2020-08-17,24,74,21,70,23,73,0.0,11.6,6,2020,8,17,24,24,74,11,18,321,NW,116,Partly cloudy,0.0,0.0,54,10,6,1013,30,7,25,76,12,54,22,72,15,25,25,76,6,Маңғыстау
2020-08-18,24,75,19,66,23,74,0.0,11.6,6,2020,8,18,24,24,75,10,16,258,WSW,116,Partly cloudy,0.0,0.0,61,10,6,1012,30,6,25,76,15,60,23,73,14,23,25,76,6,Маңғыстау
2020-08-19,25,77,23,73,24,75,0.0,11.6,6,2020,8,19,24,25,77,7,12,189,S,116,Partly cloudy,0.0,0.0,61,10,6,1010,30,3,25,78,16,60,24,75,11,18,25,78,6,Маңғыстау
2020-08-20,27,80,23,74,25,78,0.0,11.6,7,2020,8,20,24,27,80,9,14,146,SSE,116,Partly cloudy,0.0,0.0,54,10,6,1008,30,3,26,79,15,59,25,77,16,26,26,79,7,Маңғыстау
2020-08-21,28,82,23,73,27,80,0.0,9.3,6,2020,8,21,24,28,82,9,15,134,SE,176,Patchy rain possible,0.2,0.0,48,10,6,1006,30,35,27,80,15,58,26,79,19,30,27,80,6,Маңғыстау
2020-08-22,26,78,22,72,25,77,0.0,10.4,5,2020,8,22,24,26,78,25,39,19,NNE,353,Light rain shower,7.3,0.3,51,10,5,1005,30,59,26,78,14,57,24,76,39,62,26,78,5,Маңғыстау
2020-08-23,23,73,21,70,22,71,0.0,9.2,5,2020,8,23,24,23,73,21,34,109,ESE,122,Overcast,0.2,0.0,54,9,5,1006,30,59,24,75,12,54,22,71,29,47,22,71,5,Маңғыстау
2020-08-24,24,74,22,72,23,73,0.0,10.4,5,2020,8,24,24,24,74,19,30,333,NNW,176,Patchy rain possible,0.8,0.0,58,10,6,1011,30,39,25,77,14,57,23,73,26,42,25,77,5,Маңғыстау
2020-08-25,24,74,22,71,23,73,0.0,11.6,6,2020,8,25,24,24,74,12,19,325,NW,116,Partly cloudy,0.0,0.0,60,10,6,1016,30,9,25,77,15,58,23,73,17,27,25,77,6,Маңғыстау
2020-08-26,25,76,20,68,24,75,0.0,11.6,6,2020,8,26,24,25,76,9,15,186,S,113,Sunny,0.0,0.0,59,10,6,1016,30,0,25,77,15,59,23,74,15,24,25,77,6,Маңғыстау
2020-08-27,25,77,21,70,24,76,0.0,11.6,6,2020,8,27,24,25,77,11,17,146,SSE,113,Sunny,0.0,0.0,54,10,6,1013,30,0,25,77,14,58,24,75,18,29,25,77,6,Маңғыстау
2020-08-28,25,78,22,72,25,77,0.0,9.2,5,2020,8,28,24,25,78,11,18,160,SSE,122,Overcast,0.0,0.0,50,10,6,1010,30,20,26,78,14,57,24,76,20,32,26,78,5,Маңғыстау
2020-08-29,25,78,21,70,25,77,0.0,11.6,6,2020,8,29,24,25,78,12,19,226,SW,116,Partly cloudy,0.0,0.0,57,10,6,1012,30,6,25,78,16,60,24,76,21,33,25,78,6,Маңғыстау
2020-08-30,26,78,21,69,25,76,0.0,11.6,6,2020,8,30,24,26,78,13,21,308,NW,116,Partly cloudy,0.0,0.0,65,10,6,1017,30,6,26,78,18,64,24,75,24,38,26,78,6,Маңғыстау
2020-08-31,25,76,23,73,24,75,0.0,11.6,6,2020,8,31,24,25,76,8,13,294,WNW,116,Partly cloudy,0.0,0.0,68,10,6,1016,30,5,26,78,17,63,24,75,14,22,26,78,6,Маңғыстау
2020-08-01,35,96,20,68,30,86,0.0,8.3,6,2020,8,1,24,35,96,7,11,163,SSE,176,Patchy rain possible,0.6,0.0,31,10,6,1006,30,44,28,83,8,46,28,83,11,18,28,83,6,Оңтүстік Қазақстан
2020-08-02,35,94,22,71,30,86,0.0,11.6,7,2020,8,2,24,35,94,6,10,225,SW,116,Partly cloudy,0.0,0.0,22,10,6,1005,30,3,28,82,4,39,28,82,9,15,28,82,7,Оңтүстік Қазақстан
2020-08-03,37,98,22,72,31,88,0.0,11.6,8,2020,8,3,24,37,98,6,10,151,SSE,116,Partly cloudy,0.0,0.0,22,10,6,1002,30,2,29,84,4,40,29,85,10,16,29,84,8,Оңтүстік Қазақстан
2020-08-04,37,99,24,74,32,90,0.0,11.6,8,2020,8,4,24,37,99,6,10,174,S,116,Partly cloudy,0.0,0.0,20,10,6,1000,30,1,30,87,4,39,31,87,10,15,30,87,8,Оңтүстік Қазақстан
2020-08-05,38,100,24,76,33,91,0.0,11.6,8,2020,8,5,24,38,100,7,12,226,SW,116,Partly cloudy,0.0,0.0,17,10,6,1002,30,2,30,86,3,37,31,88,11,17,30,86,8,Оңтүстік Қазақстан
2020-08-06,39,103,24,75,34,93,0.0,11.6,8,2020,8,6,24,39,103,6,10,223,SW,116,Partly cloudy,0.0,0.0,15,10,6,1005,30,4,32,89,1,34,32,90,10,15,32,89,8,Оңтүстік Қазақстан
2020-08-07,38,100,22,72,32,90,0.0,11.6,8,2020,8,7,24,38,100,7,12,235,SW,116,Partly cloudy,0.0,0.0,20,10,6,1005,30,10,30,86,4,40,30,87,10,17,30,86,8,Оңтүстік Қазақстан
2020-08-08,37,98,23,74,32,90,0.0,11.6,8,2020,8,8,24,37,98,7,11,190,S,116,Partly cloudy,0.0,0.0,23,10,6,1004,30,11,30,86,6,42,31,87,10,16,30,86,8,Оңтүстік Қазақстан
2020-08-09,34,93,23,73,30,87,0.0,11.6,8,2020,8,9,24,34,93,9,14,232,SW,116,Partly cloudy,0.0,0.0,28,10,6,1003,30,9,29,84,7,45,29,84,13,20,29,84,8,Оңтүстік Қазақстан
2020-08-10,37,98,24,74,33,91,0.0,11.6,8,2020,8,10,24,37,98,8,13,199,SSW,116,Partly cloudy,0.0,0.0,19,10,6,1003,30,2,30,86,3,37,31,87,12,20,30,86,8,Оңтүстік Қазақстан
2020-08-11,32,89,21,69,27,81,0.0,11.6,7,2020,8,11,24,32,89,7,11,257,WSW,116,Partly cloudy,0.0,0.0,22,10,6,1005,30,2,26,79,2,36,27,81,10,16,26,79,7,Оңтүстік Қазақстан
2020-08-12,32,89,19,67,28,82,0.0,11.6,7,2020,8,12,24,32,89,8,12,229,SW,116,Partly cloudy,0.0,0.0,17,10,6,1007,30,1,26,78,-2,28,26,79,11,18,26,78,7,Оңтүстік Қазақстан
2020-08-13,32,89,20,67,27,81,0.0,11.6,7,2020,8,13,24,32,89,6,10,175,S,116,Partly cloudy,0.0,0.0,19,10,6,1007,30,13,25,77,-0,32,26,78,9,14,25,77,7,Оңтүстік Қазақстан
2020-08-14,34,92,20,68,29,84,0.0,11.6,7,2020,8,14,24,34,92,5,9,228,SW,113,Sunny,0.0,0.0,18,10,6,1005,30,0,27,81,-1,31,28,82,8,12,27,81,7,Оңтүстік Қазақстан
2020-08-15,36,96,20,68,30,86,0.0,11.6,7,2020,8,15,24,36,96,4,7,211,SSW,113,Sunny,0.0,0.0,15,10,6,1004,30,0,27,81,-2,29,28,82,7,11,27,81,7,Оңтүстік Қазақстан
2020-08-16,37,98,22,72,32,89,0.0,11.6,8,2020,8,16,24,37,98,7,12,245,WSW,116,Partly cloudy,0.0,0.0,17,10,6,1004,30,4,29,84,1,34,30,85,12,19,29,84,8,Оңтүстік Қазақстан
2020-08-17,33,92,22,72,29,84,0.0,11.6,7,2020,8,17,24,33,92,5,8,199,SSW,116,Partly cloudy,0.0,0.0,31,10,6,1004,30,21,28,82,9,48,28,82,7,11,28,82,7,Оңтүстік Қазақстан
2020-08-18,30,85,19,66,25,77,0.0,11.6,7,2020,8,18,24,30,85,7,11,281,WNW,113,Sunny,0.1,0.0,24,10,6,1008,30,11,24,75,2,36,24,76,9,15,24,75,7,Оңтүстік Қазақстан
2020-08-19,31,87,17,62,25,77,0.0,11.6,6,2020,8,19,24,31,87,5,9,208,SSW,116,Partly cloudy,0.0,0.0,22,10,6,1009,30,1,23,74,-1,31,23,74,8,12,23,74,6,Оңтүстік Қазақстан
2020-08-20,32,89,18,65,27,81,0.0,11.6,7,2020,8,20,24,32,89,6,9,225,SW,116,Partly cloudy,0.0,0.0,17,10,6,1006,30,2,25,77,-2,29,26,78,8,13,25,77,7,Оңтүстік Қазақстан
2020-08-21,32,89,18,65,27,81,0.0,11.6,7,2020,8,21,24,32,89,6,9,195,SSW,116,Partly cloudy,0.0,0.0,17,10,6,1009,30,1,25,77,-3,27,25,78,8,14,25,77,7,Оңтүстік Қазақстан
2020-08-22,34,94,20,68,29,85,0.0,11.6,7,2020,8,22,24,34,94,6,9,180,S,116,Partly cloudy,0.0,0.0,17,10,6,1006,30,15,27,80,-2,29,27,81,9,15,27,80,7,Оңтүстік Қазақстан
2020-08-23,38,100,21,70,32,89,0.0,11.6,8,2020,8,23,24,38,100,5,8,164,SSE,116,Partly cloudy,0.0,0.0,14,10,6,1003,30,13,29,85,-2,29,30,86,8,14,29,85,8,Оңтүстік Қазақстан
2020-08-24,41,105,26,79,37,98,0.0,11.6,9,2020,8,24,24,41,105,15,24,173,S,116,Partly cloudy,0.0,0.0,14,10,6,999,30,34,33,92,1,34,34,93,23,36,33,92,9,Оңтүстік Қазақстан
2020-08-25,29,85,20,67,25,77,0.0,10.4,6,2020,8,25,24,29,85,11,18,216,SW,119,Cloudy,0.0,0.0,36,10,6,1009,30,22,25,76,8,46,24,76,16,26,25,76,6,Оңтүстік Қазақстан
2020-08-26,21,70,11,52,18,65,0.0,8.0,4,2020,8,26,24,21,70,7,11,202,SSW,353,Light rain shower,14.5,0.6,59,9,5,1012,30,67,19,67,11,52,18,65,9,14,18,65,4,Оңтүстік Қазақстан
2020-08-27,26,78,16,60,21,70,0.0,9.2,5,2020,8,27,24,26,78,8,13,167,SSE,176,Patchy rain possible,2.0,0.1,53,10,6,1014,30,52,21,70,10,49,20,68,12,19,20,68,5,Оңтүстік Қазақстан
2020-08-28,30,85,18,64,25,77,0.0,11.6,6,2020,8,28,24,30,85,13,20,63,ENE,116,Partly cloudy,0.0,0.0,39,10,6,1011,30,1,23,74,8,46,23,74,19,31,23,74,6,Оңтүстік Қазақстан
2020-08-29,32,90,20,68,28,82,0.0,11.6,7,2020,8,29,24,32,90,9,15,65,ENE,113,Sunny,0.0,0.0,28,10,6,1008,30,0,26,78,5,42,26,79,16,25,26,78,7,Оңтүстік Қазақстан
2020-08-30,33,92,21,70,29,84,0.0,11.6,7,2020,8,30,24,33,92,6,10,171,S,116,Partly cloudy,0.0,0.0,23,10,6,1007,30,2,28,82,4,39,28,82,11,17,28,82,7,Оңтүстік Қазақстан
2020-08-31,29,84,19,65,25,77,0.0,6.6,5,2020,8,31,24,29,84,6,9,151,SSE,176,Patchy rain possible,1.9,0.1,31,10,5,1009,30,40,24,76,7,44,24,75,10,16,24,76,5,Оңтүстік Қазақстан
2020-08-01,34,92,21,70,28,82,0.0,15.2,7,2020,8,1,24,34,92,12,20,179,S,116,Partly cloudy,0.3,0.0,47,10,6,1005,30,43,27,80,12,54,27,80,17,28,27,80,7,Батыс Қазақстан
2020-08-02,23,74,17,63,21,69,0.0,11.5,5,2020,8,2,24,23,74,7,11,193,SSW,353,Light rain shower,2.5,0.1,59,10,6,1005,30,63,22,71,13,56,21,70,11,17,21,70,5,Батыс Қазақстан
2020-08-03,23,73,18,65,20,68,0.0,12.5,5,2020,8,3,24,23,73,5,8,216,SW,353,Light rain shower,1.7,0.1,68,10,6,1010,30,52,20,68,13,56,20,67,7,12,20,67,5,Батыс Қазақстан
2020-08-04,16,61,7,45,15,59,0.0,10.5,3,2020,8,4,24,16,61,12,19,203,SSW,302,Moderate rain,12.2,0.5,82,7,4,1008,30,84,15,58,14,57,13,56,17,28,13,56,3,Батыс Қазақстан
2020-08-05,28,83,17,63,23,73,0.0,14.5,5,2020,8,5,24,28,83,8,13,48,NE,200,Thundery outbreaks possible,12.5,0.5,75,9,5,1009,30,43,23,73,17,63,22,71,13,21,23,73,5,Батыс Қазақстан
2020-08-06,31,87,22,71,26,79,0.0,14.5,7,2020,8,6,24,31,87,12,20,43,NE,116,Partly cloudy,0.0,0.0,58,10,6,1011,30,27,27,81,17,62,26,79,19,30,27,81,7,Батыс Қазақстан
2020-08-07,30,86,20,69,25,78,0.0,14.5,7,2020,8,7,24,30,86,12,19,20,NNE,116,Partly cloudy,0.0,0.0,54,10,6,1010,30,6,26,79,15,59,25,77,18,29,26,79,7,Батыс Қазақстан
2020-08-08,24,75,21,69,22,72,0.0,13.5,5,2020,8,8,24,24,75,14,23,310,NW,119,Cloudy,0.0,0.0,68,10,6,1007,30,33,24,75,16,61,22,72,20,32,24,75,5,Батыс Қазақстан
2020-08-09,24,75,16,62,21,69,0.0,14.5,6,2020,8,9,24,24,75,16,26,345,NNW,116,Partly cloudy,0.0,0.0,57,10,6,1004,30,21,21,69,11,52,20,68,22,35,20,68,6,Батыс Қазақстан
2020-08-10,24,74,16,60,20,67,0.0,14.5,5,2020,8,10,24,24,74,16,26,335,NNW,116,Partly cloudy,0.0,0.0,53,10,6,1006,30,26,19,67,9,49,18,65,22,36,18,65,5,Батыс Қазақстан
2020-08-11,23,74,13,56,18,65,0.0,14.5,5,2020,8,11,24,23,74,10,17,339,NNW,116,Partly cloudy,0.0,0.0,54,10,6,1010,30,9,18,65,9,48,17,62,15,24,17,62,5,Батыс Қазақстан
2020-08-12,25,76,14,57,19,67,0.0,14.5,5,2020,8,12,24,25,76,3,5,125,SE,116,Partly cloudy,0.0,0.0,52,10,6,1011,30,10,19,67,9,48,18,65,5,8,18,65,5,Батыс Қазақстан
2020-08-13,24,75,17,62,21,69,0.0,11.4,5,2020,8,13,24,24,75,9,14,126,SE,176,Patchy rain possible,4.2,0.2,51,10,5,1008,30,45,21,69,9,49,20,68,15,23,20,68,5,Батыс Қазақстан
2020-08-14,24,76,16,60,20,68,0.0,11.6,5,2020,8,14,24,24,76,10,16,270,W,116,Partly cloudy,3.2,0.1,58,10,5,1004,30,26,20,68,11,51,19,66,15,24,19,66,5,Батыс Қазақстан
2020-08-15,19,65,10,49,16,60,0.0,7.2,4,2020,8,15,24,19,65,12,19,249,WSW,176,Patchy rain possible,1.7,0.1,68,10,6,1004,30,63,16,61,10,51,15,59,16,26,15,59,4,Батыс Қазақстан
2020-08-16,18,64,13,55,16,60,0.0,7.2,4,2020,8,16,24,18,64,12,20,300,WNW,353,Light rain shower,3.3,0.1,76,10,6,1006,30,88,15,59,11,52,14,58,17,27,14,58,4,Батыс Қазақстан
2020-08-17,21,71,12,54,17,62,0.0,9.4,4,2020,8,17,24,21,71,11,18,296,WNW,176,Patchy rain possible,0.6,0.0,68,9,5,1006,30,70,17,62,10,50,15,59,15,25,15,59,4,Батыс Қазақстан
2020-08-18,20,68,13,55,16,61,0.0,10.5,4,2020,8,18,24,20,68,15,24,310,NW,119,Cloudy,0.7,0.0,65,10,6,1005,30,31,16,61,9,48,16,60,21,34,16,60,4,Батыс Қазақстан
2020-08-19,19,67,9,48,16,60,0.0,10.5,5,2020,8,19,24,19,67,9,14,308,NW,116,Partly cloudy,0.0,0.0,52,10,6,1010,30,30,15,59,6,43,14,57,13,22,14,57,5,Батыс Қазақстан
2020-08-20,21,70,12,53,16,61,0.0,11.6,5,2020,8,20,24,21,70,7,11,261,W,116,Partly cloudy,0.0,0.0,47,10,6,1011,30,26,16,61,5,40,15,59,11,17,15,59,5,Батыс Қазақстан
2020-08-21,21,69,11,52,16,62,0.0,10.5,5,2020,8,21,24,21,69,8,13,304,WNW,116,Partly cloudy,0.0,0.0,52,10,6,1013,30,15,16,61,6,42,15,60,13,20,15,60,5,Батыс Қазақстан
2020-08-22,20,69,12,53,16,61,0.0,9.3,4,2020,8,22,24,20,69,8,12,180,S,119,Cloudy,0.0,0.0,62,10,6,1013,30,32,16,60,9,48,15,58,12,19,15,58,4,Батыс Қазақстан
2020-08-23,22,72,12,54,18,64,0.0,11.6,5,2020,8,23,24,22,72,10,16,17,NNE,116,Partly cloudy,0.0,0.0,62,10,6,1013,30,27,18,64,9,49,17,62,15,24,17,62,5,Батыс Қазақстан
2020-08-24,24,75,13,56,19,66,0.0,11.6,5,2020,8,24,24,24,75,8,13,103,ESE,116,Partly cloudy,0.0,0.0,55,10,6,1014,30,21,19,67,9,49,18,65,12,19,18,65,5,Батыс Қазақстан
2020-08-25,28,82,17,62,22,72,0.0,11.6,6,2020,8,25,24,28,82,5,9,287,WNW,116,Partly cloudy,0.0,0.0,50,10,6,1016,30,12,22,71,10,50,21,70,8,13,22,71,6,Батыс Қазақстан
2020-08-26,30,87,20,67,26,78,0.0,11.6,7,2020,8,26,24,30,87,5,8,247,WSW,116,Partly cloudy,0.0,0.0,40,10,6,1015,30,31,25,76,10,50,25,77,8,13,25,76,7,Батыс Қазақстан
2020-08-27,29,85,20,68,24,76,0.0,11.6,6,2020,8,27,24,29,85,9,15,207,SSW,116,Partly cloudy,0.0,0.0,30,10,6,1014,30,10,24,75,6,42,24,74,14,23,24,75,6,Батыс Қазақстан
2020-08-28,32,89,19,67,25,78,0.0,11.6,7,2020,8,28,24,32,89,11,18,188,S,116,Partly cloudy,0.0,0.0,26,10,6,1011,30,3,25,76,4,39,25,76,18,28,25,76,7,Батыс Қазақстан
2020-08-29,30,86,20,69,25,77,0.0,10.4,6,2020,8,29,24,30,86,9,14,205,SSW,200,Thundery outbreaks possible,0.4,0.0,34,10,6,1011,30,29,25,76,7,45,24,75,14,23,25,76,6,Батыс Қазақстан
2020-08-30,26,79,17,62,22,71,0.0,11.6,6,2020,8,30,24,26,79,7,12,286,WNW,116,Partly cloudy,0.0,0.0,64,10,6,1016,30,7,22,71,13,56,21,70,11,18,21,70,6,Батыс Қазақстан
2020-08-31,27,81,17,62,21,70,0.0,11.6,6,2020,8,31,24,27,81,7,11,60,ENE,116,Partly cloudy,0.0,0.0,49,10,6,1020,31,13,21,70,9,49,20,68,12,19,20,68,6,Батыс Қазақстан
2020-08-01,29,84,18,64,25,77,0.0,14.5,7,2020,8,1,24,29,84,4,7,67,ENE,116,Partly cloudy,0.0,0.0,60,10,6,1014,30,17,24,75,14,57,24,74,6,10,24,75,7,Павлодар
2020-08-02,31,89,19,67,27,81,0.0,14.5,7,2020,8,2,24,31,89,8,13,73,ENE,116,Partly cloudy,0.0,0.0,51,10,6,1016,30,8,26,79,14,57,26,78,12,20,26,79,7,Павлодар
2020-08-03,29,84,20,67,26,78,0.0,14.5,7,2020,8,3,24,29,84,13,22,43,NE,116,Partly cloudy,0.0,0.0,57,10,6,1013,30,5,25,77,14,58,24,76,19,30,25,77,7,Павлодар
2020-08-04,30,85,18,64,25,77,0.0,14.5,7,2020,8,4,24,30,85,16,25,41,NE,116,Partly cloudy,0.0,0.0,55,10,6,1010,30,27,24,76,14,56,24,75,22,35,24,76,7,Павлодар
2020-08-05,29,84,17,63,25,77,0.0,14.5,6,2020,8,5,24,29,84,13,20,40,NE,116,Partly cloudy,0.0,0.0,52,10,6,1012,30,5,24,75,12,54,23,74,19,30,24,75,6,Павлодар
2020-08-06,30,86,17,63,26,79,0.0,14.5,7,2020,8,6,24,30,86,8,13,27,NNE,116,Partly cloudy,0.0,0.0,47,10,6,1016,30,9,24,76,11,51,24,76,13,22,24,76,7,Павлодар
2020-08-07,31,88,19,67,27,80,0.0,14.5,7,2020,8,7,24,31,88,7,11,70,ENE,116,Partly cloudy,0.0,0.0,46,10,6,1013,30,14,25,78,12,53,25,77,10,16,25,78,7,Павлодар
2020-08-08,30,86,19,67,27,80,0.0,14.5,7,2020,8,8,24,30,86,7,11,67,ENE,116,Partly cloudy,0.0,0.0,46,10,6,1008,30,19,26,78,12,53,25,77,11,18,26,78,7,Павлодар
2020-08-09,32,90,19,66,28,82,0.0,14.5,7,2020,8,9,24,32,90,9,14,129,SE,116,Partly cloudy,0.8,0.0,45,10,6,1002,30,23,26,79,11,53,26,79,14,23,26,79,7,Павлодар
2020-08-10,32,89,19,66,28,82,0.0,13.5,6,2020,8,10,24,32,89,8,13,194,SSW,119,Cloudy,0.2,0.0,42,10,6,999,30,43,26,78,11,52,26,79,13,21,26,78,6,Павлодар
2020-08-11,33,91,21,70,29,83,0.0,12.4,6,2020,8,11,24,33,91,10,16,167,SSE,299,Moderate rain at times,4.4,0.2,43,10,5,995,30,44,28,83,11,51,27,81,15,25,28,83,6,Павлодар
2020-08-12,24,75,9,48,19,66,0.0,11.4,4,2020,8,12,24,24,75,9,15,202,SSW,356,Moderate or heavy rain shower,4.0,0.2,61,10,5,997,30,44,19,66,12,53,17,63,14,23,17,63,4,Павлодар
2020-08-13,20,67,16,61,19,66,0.0,10.3,4,2020,8,13,24,20,67,13,20,264,W,353,Light rain shower,1.4,0.1,69,10,6,1000,30,82,19,65,13,55,19,65,18,29,19,65,4,Павлодар
2020-08-14,22,71,15,59,19,66,0.0,11.4,4,2020,8,14,24,22,71,11,17,305,NW,353,Light rain shower,0.3,0.0,71,10,6,1007,30,63,19,66,12,53,18,64,15,24,18,64,4,Павлодар
2020-08-15,24,75,11,51,19,67,0.0,14.5,5,2020,8,15,24,24,75,6,10,277,W,116,Partly cloudy,0.0,0.0,53,10,6,1012,30,9,19,66,7,44,18,64,9,15,18,64,5,Павлодар
2020-08-16,27,81,13,56,22,72,0.0,14.5,6,2020,8,16,24,27,81,9,14,119,ESE,116,Partly cloudy,0.0,0.0,44,10,6,1009,30,7,21,70,7,44,20,69,14,23,21,70,6,Павлодар
2020-08-17,27,81,19,65,24,76,0.0,13.4,5,2020,8,17,24,27,81,12,20,193,SSW,353,Light rain shower,0.5,0.0,37,10,6,1001,30,25,23,73,7,44,23,73,19,30,23,73,5,Павлодар
2020-08-18,24,75,16,62,22,71,0.0,14.5,5,2020,8,18,24,24,75,8,12,202,SSW,353,Light rain shower,1.7,0.1,46,10,5,999,30,36,21,69,8,46,20,69,11,18,20,69,5,Павлодар
2020-08-19,23,74,15,58,20,69,0.0,12.4,5,2020,8,19,24,23,74,12,20,217,SW,200,Thundery outbreaks possible,1.0,0.0,51,10,5,1001,30,52,20,68,8,46,19,66,18,29,19,66,5,Павлодар
2020-08-20,21,70,11,53,17,63,0.0,14.5,5,2020,8,20,24,21,70,12,19,238,WSW,116,Partly cloudy,0.0,0.0,52,10,6,1003,30,15,16,62,6,42,16,60,17,27,16,60,5,Павлодар
2020-08-21,22,71,12,53,18,64,0.0,13.4,4,2020,8,21,24,22,71,12,19,233,SW,119,Cloudy,0.0,0.0,47,10,6,1004,30,37,17,63,5,41,17,62,17,27,17,62,4,Павлодар
2020-08-22,23,73,11,51,19,66,0.0,14.5,5,2020,8,22,24,23,73,10,16,237,WSW,116,Partly cloudy,1.6,0.1,62,10,6,1005,30,42,18,65,9,48,17,62,15,24,17,62,5,Павлодар
2020-08-23,23,74,12,54,20,67,0.0,11.2,4,2020,8,23,24,23,74,9,15,257,WSW,353,Light rain shower,4.2,0.2,63,10,6,1004,30,53,19,66,10,50,18,64,15,23,18,64,4,Павлодар
2020-08-24,23,73,13,55,19,67,0.0,13.4,4,2020,8,24,24,23,73,6,10,301,WNW,299,Moderate rain at times,1.3,0.1,59,10,6,1006,30,47,19,66,9,49,18,65,9,14,18,65,4,Павлодар
2020-08-25,22,72,15,58,19,66,0.0,11.1,4,2020,8,25,24,22,72,9,15,217,SW,176,Patchy rain possible,0.2,0.0,57,10,6,1005,30,49,18,65,9,48,18,64,14,22,18,64,4,Павлодар
2020-08-26,25,76,12,53,20,67,0.0,13.3,4,2020,8,26,24,25,76,10,15,249,WSW,119,Cloudy,0.0,0.0,57,10,6,1012,30,30,18,64,9,47,18,64,15,24,18,64,4,Павлодар
2020-08-27,23,74,14,58,20,68,0.0,11.0,4,2020,8,27,24,23,74,10,16,289,WNW,356,Moderate or heavy rain shower,6.3,0.2,68,9,5,1010,30,55,19,66,12,54,18,65,16,25,18,65,4,Павлодар
2020-08-28,24,75,14,57,20,68,0.0,13.3,4,2020,8,28,24,24,75,12,19,337,NNW,122,Overcast,0.4,0.0,65,10,6,1016,30,52,19,66,10,50,18,64,17,27,18,64,4,Павлодар
2020-08-29,26,78,15,58,21,70,0.0,13.9,6,2020,8,29,24,26,78,3,6,197,SSW,116,Partly cloudy,0.0,0.0,50,10,6,1020,31,12,20,69,9,48,20,68,5,9,20,68,6,Павлодар
2020-08-30,27,81,16,61,23,73,0.0,13.4,6,2020,8,30,24,27,81,9,14,122,ESE,116,Partly cloudy,0.0,0.0,49,10,6,1018,31,5,22,71,9,49,22,71,13,21,22,71,6,Павлодар
2020-08-31,29,85,15,60,24,76,0.0,11.6,6,2020,8,31,24,29,85,3,5,84,E,116,Partly cloudy,0.0,0.0,47,10,6,1018,31,6,23,73,10,49,23,73,5,9,23,73,6,Павлодар
2020-08-01,29,84,20,68,26,79,0.0,14.5,7,2020,8,1,24,29,84,8,12,89,E,116,Partly cloudy,0.0,0.0,39,10,6,1013,30,25,25,76,10,49,25,76,11,18,25,76,7,Шығыс Қазақстан
2020-08-02,30,85,18,64,25,78,0.0,14.5,7,2020,8,2,24,30,85,17,27,27,NNE,116,Partly cloudy,0.0,0.0,46,10,6,1013,30,1,24,75,10,50,24,75,23,37,24,75,7,Шығыс Қазақстан
2020-08-03,30,87,18,65,26,79,0.0,14.5,7,2020,8,3,24,30,87,17,28,30,NNE,116,Partly cloudy,0.0,0.0,45,10,6,1008,30,1,24,76,11,51,24,76,23,38,24,76,7,Шығыс Қазақстан
2020-08-04,32,90,20,67,27,80,0.0,14.5,7,2020,8,4,24,32,90,14,23,32,NNE,116,Partly cloudy,0.0,0.0,48,10,6,1004,30,4,26,79,13,55,26,78,19,31,26,79,7,Шығыс Қазақстан
2020-08-05,30,85,19,66,26,78,0.0,14.5,7,2020,8,5,24,30,85,16,25,13,NNE,116,Partly cloudy,0.0,0.0,45,10,6,1007,30,3,25,77,11,51,24,76,21,34,25,77,7,Шығыс Қазақстан
2020-08-06,30,86,18,64,26,78,0.0,14.5,7,2020,8,6,24,30,86,15,23,15,NNE,116,Partly cloudy,0.0,0.0,43,10,6,1012,30,3,24,75,9,49,24,75,20,33,24,75,7,Шығыс Қазақстан
2020-08-07,31,87,18,64,26,79,0.0,14.5,7,2020,8,7,24,31,87,11,18,13,NNE,116,Partly cloudy,0.0,0.0,40,10,6,1011,30,6,25,76,9,48,25,76,17,27,25,76,7,Шығыс Қазақстан
2020-08-08,30,86,19,66,26,79,0.0,14.5,7,2020,8,8,24,30,86,8,13,28,NNE,116,Partly cloudy,0.0,0.0,42,10,6,1007,30,12,24,76,10,49,25,76,12,19,24,76,7,Шығыс Қазақстан
2020-08-09,31,87,18,65,27,80,0.0,14.5,7,2020,8,9,24,31,87,5,8,191,SSW,116,Partly cloudy,0.0,0.0,41,10,6,1003,30,9,25,77,9,49,25,77,8,13,25,77,7,Шығыс Қазақстан
2020-08-10,31,87,20,69,27,80,0.0,13.5,6,2020,8,10,24,31,87,7,11,219,SW,176,Patchy rain possible,0.1,0.0,38,10,6,1001,30,33,26,79,10,50,25,78,10,16,26,79,6,Шығыс Қазақстан
2020-08-11,34,93,20,67,29,84,0.0,13.5,6,2020,8,11,24,34,93,11,18,144,SE,176,Patchy rain possible,0.6,0.0,40,10,6,998,30,26,26,79,10,50,26,79,18,29,26,79,6,Шығыс Қазақстан
2020-08-12,29,84,18,64,25,76,0.0,14.5,6,2020,8,12,24,29,84,9,14,236,SW,116,Partly cloudy,0.0,0.0,46,10,6,1000,30,28,23,73,10,50,23,73,13,20,23,73,6,Шығыс Қазақстан
2020-08-13,25,78,18,65,23,74,0.0,12.4,5,2020,8,13,24,25,78,11,17,247,WSW,386,Patchy light rain with thunder,1.1,0.0,52,10,6,1002,30,55,22,72,11,52,22,71,15,24,22,72,5,Шығыс Қазақстан
2020-08-14,23,73,16,61,20,69,0.0,11.3,5,2020,8,14,24,23,73,10,16,294,WNW,353,Light rain shower,1.5,0.1,63,10,6,1007,30,61,20,68,12,53,19,67,14,22,19,67,5,Шығыс Қазақстан
2020-08-15,25,77,14,57,21,69,0.0,14.3,6,2020,8,15,24,25,77,8,14,332,NNW,116,Partly cloudy,0.0,0.0,51,10,6,1011,30,12,20,68,7,45,19,67,12,19,19,67,6,Шығыс Қазақстан
2020-08-16,27,81,14,57,23,73,0.0,14.3,6,2020,8,16,24,27,81,5,8,116,ESE,116,Partly cloudy,0.0,0.0,38,10,6,1009,30,6,21,71,5,41,21,70,9,14,21,71,6,Шығыс Қазақстан
2020-08-17,32,89,17,62,27,80,0.0,14.2,7,2020,8,17,24,32,89,8,12,141,SE,116,Partly cloudy,0.0,0.0,36,10,6,1003,30,13,24,75,6,43,25,76,13,21,24,75,7,Шығыс Қазақстан
2020-08-18,28,82,17,62,23,74,0.0,13.4,5,2020,8,18,24,28,82,14,22,204,SSW,386,Patchy light rain with thunder,1.9,0.1,40,10,6,999,30,33,23,73,8,46,23,73,20,33,23,73,5,Шығыс Қазақстан
2020-08-19,26,80,16,61,22,72,0.0,11.1,5,2020,8,19,24,26,80,10,16,235,SW,293,Patchy light rain,1.3,0.1,44,9,5,1005,30,60,21,70,7,44,21,70,13,21,21,70,5,Шығыс Қазақстан
2020-08-20,30,86,14,56,24,75,0.0,14.1,6,2020,8,20,24,30,86,9,15,254,WSW,116,Partly cloudy,0.0,0.0,35,10,6,1004,30,7,23,73,4,39,23,73,13,22,23,73,6,Шығыс Қазақстан
2020-08-21,27,80,14,57,22,71,0.0,13.4,5,2020,8,21,24,27,80,8,13,176,S,122,Overcast,0.0,0.0,32,10,6,1005,30,25,20,69,3,37,20,68,12,20,20,68,5,Шығыс Қазақстан
2020-08-22,26,78,14,57,21,70,0.0,14.1,6,2020,8,22,24,26,78,7,11,223,SW,116,Partly cloudy,0.0,0.0,42,10,6,1007,30,34,19,67,5,42,19,67,10,17,19,67,6,Шығыс Қазақстан
2020-08-23,25,78,14,58,21,70,0.0,13.4,5,2020,8,23,24,25,78,9,15,188,S,119,Cloudy,0.1,0.0,45,10,6,1005,30,33,21,69,7,44,20,68,13,21,20,68,5,Шығыс Қазақстан
2020-08-24,27,80,16,60,23,73,0.0,13.3,5,2020,8,24,24,27,80,6,9,200,SSW,119,Cloudy,0.0,0.0,40,10,6,1005,30,40,21,70,6,42,21,70,10,15,21,70,5,Шығыс Қазақстан
2020-08-25,15,59,6,42,14,57,0.0,11.0,3,2020,8,25,24,15,59,10,17,160,SSE,302,Moderate rain,11.9,0.5,74,8,5,1004,30,74,15,58,11,51,13,55,14,23,13,55,3,Шығыс Қазақстан
2020-08-26,23,73,13,55,19,66,0.0,13.9,5,2020,8,26,24,23,73,6,10,281,WNW,116,Partly cloudy,0.6,0.0,56,10,6,1014,30,23,18,64,8,47,17,63,9,15,17,63,5,Шығыс Қазақстан
2020-08-27,23,74,16,61,21,70,0.0,13.3,5,2020,8,27,24,23,74,7,12,226,SW,122,Overcast,1.6,0.1,49,10,6,1012,30,42,21,70,8,47,20,68,11,17,20,68,5,Шығыс Қазақстан
2020-08-28,20,69,10,51,17,62,0.0,11.0,4,2020,8,28,24,20,69,10,17,305,NW,353,Light rain shower,4.2,0.2,71,10,6,1014,30,69,16,62,12,53,15,60,15,23,15,60,4,Шығыс Қазақстан
2020-08-29,24,76,14,57,20,68,0.0,13.8,6,2020,8,29,24,24,76,9,14,98,E,116,Partly cloudy,0.1,0.0,59,10,6,1019,31,18,19,67,10,49,19,65,13,21,19,65,6,Шығыс Қазақстан
2020-08-30,27,80,15,59,22,72,0.0,13.8,6,2020,8,30,24,27,80,6,10,102,ESE,116,Partly cloudy,0.0,0.0,47,10,6,1017,31,8,21,70,8,47,21,69,10,15,21,70,6,Шығыс Қазақстан
2020-08-31,27,80,16,60,23,73,0.0,13.7,6,2020,8,31,24,27,80,7,12,30,NNE,116,Partly cloudy,0.0,0.0,45,10,6,1017,31,3,22,71,8,47,21,70,11,18,22,71,6,Шығыс Қазақстан
2020-08-01,32,90,20,68,28,82,0.0,15.6,7,2020,8,1,24,32,90,11,18,151,SSE,116,Partly cloudy,0.0,0.0,42,10,6,1006,30,24,26,79,10,51,26,80,16,26,26,79,7,Солтүстік Қазақстан
2020-08-02,26,79,22,72,25,76,0.0,15.6,5,2020,8,2,24,26,79,9,14,218,SW,200,Thundery outbreaks possible,0.0,0.0,43,10,6,1006,30,19,25,77,11,51,24,76,14,23,25,77,5,Солтүстік Қазақстан
2020-08-03,21,70,18,65,20,69,0.0,12.6,5,2020,8,3,24,21,70,8,13,169,S,266,Light drizzle,1.4,0.1,64,7,4,1009,30,61,21,69,13,56,20,68,12,19,20,68,5,Солтүстік Қазақстан
2020-08-04,23,74,15,60,19,66,0.0,12.6,4,2020,8,4,24,23,74,11,17,238,WSW,353,Light rain shower,14.6,0.6,79,8,5,1005,30,74,19,66,14,58,18,65,15,25,18,65,4,Солтүстік Қазақстан
2020-08-05,31,87,18,65,25,77,0.0,14.4,5,2020,8,5,24,31,87,8,13,133,SE,386,Patchy light rain with thunder,11.0,0.4,70,9,5,1009,30,69,25,77,17,62,24,75,13,21,25,77,5,Солтүстік Қазақстан
2020-08-06,30,87,23,73,27,81,0.0,14.5,7,2020,8,6,24,30,87,14,22,56,ENE,116,Partly cloudy,0.0,0.0,52,10,6,1011,30,20,27,81,15,60,26,79,20,32,27,81,7,Солтүстік Қазақстан
2020-08-07,31,88,21,70,27,80,0.0,14.5,7,2020,8,7,24,31,88,12,19,33,NNE,116,Partly cloudy,0.0,0.0,51,10,6,1009,30,10,27,80,15,58,26,79,17,28,27,80,7,Солтүстік Қазақстан
2020-08-08,28,82,21,70,25,76,0.0,12.5,5,2020,8,8,24,28,82,14,23,236,WSW,353,Light rain shower,1.7,0.1,62,10,6,1005,30,34,25,77,16,60,24,75,20,32,25,77,5,Солтүстік Қазақстан
2020-08-09,21,69,17,62,19,67,0.0,11.4,4,2020,8,9,24,21,69,17,28,337,NNW,353,Light rain shower,0.7,0.0,62,10,6,1003,30,54,19,67,11,52,19,66,23,37,19,66,4,Солтүстік Қазақстан
2020-08-10,23,73,15,60,19,67,0.0,14.5,4,2020,8,10,24,23,73,19,31,329,NNW,176,Patchy rain possible,0.3,0.0,58,10,6,1003,30,44,19,66,10,49,19,65,26,42,19,65,4,Солтүстік Қазақстан
2020-08-11,22,72,14,57,19,66,0.0,11.6,5,2020,8,11,24,22,72,14,23,332,NNW,116,Partly cloudy,0.0,0.0,58,10,6,1008,30,6,19,65,9,48,18,64,19,31,18,64,5,Солтүстік Қазақстан
2020-08-12,24,75,14,58,20,68,0.0,11.6,5,2020,8,12,24,24,75,5,9,284,WNW,116,Partly cloudy,0.0,0.0,55,10,6,1011,30,9,19,67,9,48,19,66,8,14,19,66,5,Солтүстік Қазақстан
2020-08-13,23,74,16,61,20,68,0.0,9.4,5,2020,8,13,24,23,74,9,14,141,SE,296,Light rain,2.5,0.1,57,10,6,1009,30,41,19,66,10,50,19,66,14,23,19,66,5,Солтүстік Қазақстан
2020-08-14,24,75,17,62,21,70,0.0,11.6,6,2020,8,14,24,24,75,11,18,235,SW,116,Partly cloudy,14.0,0.6,60,9,5,1004,30,35,21,70,11,52,20,69,16,27,20,69,6,Солтүстік Қазақстан
2020-08-15,20,68,15,60,18,65,0.0,8.3,4,2020,8,15,24,20,68,11,18,240,WSW,386,Patchy light rain with thunder,1.1,0.0,58,10,6,1004,30,50,18,65,10,49,18,65,15,24,18,65,4,Солтүстік Қазақстан
2020-08-16,18,64,14,56,16,60,0.0,7.2,4,2020,8,16,24,18,64,12,20,274,W,353,Light rain shower,1.3,0.1,75,10,6,1005,30,88,15,60,11,51,14,58,17,27,14,58,4,Солтүстік Қазақстан
2020-08-17,20,68,13,56,17,63,0.0,8.3,4,2020,8,17,24,20,68,12,19,295,WNW,176,Patchy rain possible,1.0,0.0,65,10,6,1005,30,75,17,62,10,49,16,61,16,26,16,61,4,Солтүстік Қазақстан
2020-08-18,17,63,14,57,16,60,0.0,8.2,4,2020,8,18,24,17,63,15,24,305,NW,353,Light rain shower,3.1,0.1,74,10,6,1003,30,80,15,60,11,51,15,59,20,32,15,59,4,Солтүстік Қазақстан
2020-08-19,19,65,12,53,16,61,0.0,10.5,4,2020,8,19,24,19,65,10,16,296,WNW,122,Overcast,0.0,0.0,57,10,6,1009,30,41,15,59,7,44,15,58,14,23,15,58,4,Солтүстік Қазақстан
2020-08-20,20,67,11,52,16,61,0.0,11.6,5,2020,8,20,24,20,67,8,12,318,NW,116,Partly cloudy,0.0,0.0,51,10,6,1011,30,13,15,59,4,40,15,59,11,18,15,59,5,Солтүстік Қазақстан
2020-08-21,19,66,12,53,16,61,0.0,11.6,5,2020,8,21,24,19,66,7,12,330,NNW,116,Partly cloudy,0.0,0.0,60,10,6,1012,30,21,15,60,7,45,15,59,11,18,15,59,5,Солтүстік Қазақстан
2020-08-22,21,71,12,53,18,64,0.0,10.5,4,2020,8,22,24,21,71,7,11,202,SSW,119,Cloudy,0.0,0.0,67,9,5,1013,30,30,17,62,10,50,16,61,10,17,16,61,4,Солтүстік Қазақстан
2020-08-23,21,71,13,55,18,64,0.0,11.6,5,2020,8,23,24,21,71,10,15,18,NNE,116,Partly cloudy,0.0,0.0,63,10,6,1013,30,8,17,63,9,48,16,62,14,23,16,62,5,Солтүстік Қазақстан
2020-08-24,24,75,13,56,19,67,0.0,11.6,5,2020,8,24,24,24,75,8,13,12,NNE,116,Partly cloudy,0.0,0.0,58,10,6,1013,30,10,19,66,9,48,18,64,12,19,18,64,5,Солтүстік Қазақстан
2020-08-25,27,80,16,61,23,73,0.0,11.6,6,2020,8,25,24,27,80,6,9,306,NW,116,Partly cloudy,0.0,0.0,54,10,6,1016,30,17,21,71,11,51,21,70,9,14,21,71,6,Солтүстік Қазақстан
2020-08-26,29,85,19,67,25,77,0.0,11.6,7,2020,8,26,24,29,85,6,9,258,WSW,116,Partly cloudy,0.0,0.0,41,10,6,1015,30,29,24,75,10,50,24,75,9,15,24,75,7,Солтүстік Қазақстан
2020-08-27,29,85,21,69,26,78,0.0,11.6,7,2020,8,27,24,29,85,8,13,180,S,116,Partly cloudy,0.0,0.0,35,10,6,1014,30,9,25,77,7,45,25,76,14,22,25,77,7,Солтүстік Қазақстан
2020-08-28,32,90,21,70,28,82,0.0,11.6,7,2020,8,28,24,32,90,11,18,187,S,116,Partly cloudy,0.0,0.0,25,10,6,1012,30,7,26,79,4,40,26,79,18,28,26,79,7,Солтүстік Қазақстан
2020-08-29,31,87,22,71,27,80,0.0,9.3,6,2020,8,29,24,31,87,9,15,199,SSW,122,Overcast,0.0,0.0,25,10,6,1012,30,36,25,78,4,39,26,78,15,24,25,78,6,Солтүстік Қазақстан
2020-08-30,28,82,18,64,23,74,0.0,11.6,6,2020,8,30,24,28,82,9,15,327,NNW,116,Partly cloudy,0.0,0.0,51,10,6,1015,30,13,23,73,11,52,22,72,15,23,23,73,6,Солтүстік Қазақстан
2020-08-31,28,83,17,63,23,74,0.0,11.6,6,2020,8,31,24,28,83,8,13,80,E,116,Partly cloudy,0.0,0.0,52,10,6,1019,31,17,22,72,10,50,22,72,13,21,22,72,6,Солтүстік Қазақстан
2020-08-01,32,89,22,71,28,83,0.0,14.5,7,2020,8,1,24,32,89,12,19,81,E,116,Partly cloudy,0.0,0.0,26,10,6,1010,30,12,26,79,5,42,27,81,17,27,26,79,7,Жамбыл
2020-08-02,30,87,23,73,27,81,0.0,14.5,7,2020,8,2,24,30,87,11,18,76,ENE,116,Partly cloudy,0.1,0.0,32,10,6,1010,30,37,27,81,9,47,27,80,16,26,27,81,7,Жамбыл
2020-08-03,31,88,22,72,28,82,0.0,14.5,7,2020,8,3,24,31,88,16,26,55,NE,116,Partly cloudy,0.0,0.0,38,10,6,1008,30,8,27,80,10,51,27,80,21,34,27,80,7,Жамбыл
2020-08-04,31,88,20,69,26,79,0.0,14.5,7,2020,8,4,24,31,88,13,21,58,ENE,116,Partly cloudy,0.0,0.0,36,10,6,1005,30,7,26,79,9,49,26,78,18,29,26,79,7,Жамбыл
2020-08-05,32,90,21,69,27,81,0.0,14.5,7,2020,8,5,24,32,90,6,10,116,ESE,116,Partly cloudy,0.0,0.0,35,10,6,1005,30,9,27,81,10,49,26,79,9,15,27,81,7,Жамбыл
2020-08-06,35,95,26,78,31,88,0.0,14.4,8,2020,8,6,24,35,95,13,21,118,ESE,116,Partly cloudy,0.0,0.0,24,10,6,1007,30,5,29,84,7,45,30,87,19,30,29,84,8,Жамбыл
2020-08-07,35,95,25,77,31,88,0.0,11.6,8,2020,8,7,24,35,95,13,22,112,ESE,116,Partly cloudy,0.0,0.0,25,10,6,1008,30,8,30,85,7,44,30,87,19,30,30,85,8,Жамбыл
2020-08-08,35,94,23,73,30,86,0.0,11.6,7,2020,8,8,24,35,94,13,21,170,S,116,Partly cloudy,0.0,0.0,25,10,6,1002,30,5,28,83,6,42,29,84,17,28,28,83,7,Жамбыл
2020-08-09,28,83,22,72,27,80,0.0,11.6,6,2020,8,9,24,28,83,13,21,227,SW,176,Patchy rain possible,0.4,0.0,30,10,6,999,30,37,25,78,7,45,26,78,17,28,25,78,6,Жамбыл
2020-08-10,32,89,20,68,28,83,0.0,11.6,7,2020,8,10,24,32,89,14,22,205,SSW,116,Partly cloudy,0.4,0.0,30,10,6,999,30,24,26,79,7,45,27,80,19,30,26,79,7,Жамбыл
2020-08-11,21,70,17,62,20,68,0.0,9.4,5,2020,8,11,24,21,70,14,23,251,WSW,176,Patchy rain possible,0.1,0.0,40,10,6,1000,30,39,21,70,6,43,20,68,19,30,20,68,5,Жамбыл
2020-08-12,24,75,16,60,21,70,0.0,10.5,5,2020,8,12,24,24,75,12,20,253,WSW,353,Light rain shower,0.4,0.0,49,10,6,1003,30,35,20,69,9,48,20,68,16,26,20,68,5,Жамбыл
2020-08-13,23,73,16,60,21,69,0.0,11.6,6,2020,8,13,24,23,73,8,14,272,W,116,Partly cloudy,0.1,0.0,53,10,6,1006,30,37,21,70,10,50,20,68,11,17,20,68,6,Жамбыл
2020-08-14,27,80,16,60,22,72,0.0,11.6,6,2020,8,14,24,27,80,7,11,136,SE,116,Partly cloudy,0.0,0.0,46,10,6,1008,30,20,22,71,8,47,21,70,10,16,22,71,6,Жамбыл
2020-08-15,28,82,16,61,23,73,0.0,11.6,6,2020,8,15,24,28,82,8,13,29,NNE,116,Partly cloudy,0.0,0.0,37,10,6,1009,30,3,21,70,5,42,21,70,12,19,21,70,6,Жамбыл
2020-08-16,33,92,21,69,29,84,0.0,11.6,7,2020,8,16,24,33,92,15,23,155,SSE,116,Partly cloudy,0.0,0.0,24,10,6,1003,30,16,27,80,4,38,27,80,21,33,27,80,7,Жамбыл
2020-08-17,27,81,17,62,23,73,0.0,11.6,5,2020,8,17,24,27,81,10,16,197,SSW,299,Moderate rain at times,1.7,0.1,38,10,6,1003,30,34,22,72,6,42,22,72,13,22,22,72,5,Жамбыл
2020-08-18,24,75,16,61,21,70,0.0,10.5,5,2020,8,18,24,24,75,12,19,293,WNW,119,Cloudy,0.0,0.0,33,10,6,1003,30,30,20,69,3,37,20,69,16,26,20,69,5,Жамбыл
2020-08-19,26,79,16,61,22,72,0.0,10.5,5,2020,8,19,24,26,79,16,25,240,WSW,119,Cloudy,0.0,0.0,32,10,6,1005,30,31,21,69,3,37,21,70,21,34,21,69,5,Жамбыл
2020-08-20,24,76,13,55,20,69,0.0,11.6,6,2020,8,20,24,24,76,9,14,269,W,116,Partly cloudy,0.0,0.0,30,10,6,1006,30,6,19,66,0,33,19,67,12,19,19,67,6,Жамбыл
2020-08-21,24,76,13,56,20,68,0.0,11.6,5,2020,8,21,24,24,76,12,20,227,SW,116,Partly cloudy,0.0,0.0,38,10,6,1008,30,14,19,66,3,38,18,65,16,26,18,65,5,Жамбыл
2020-08-22,25,77,13,55,20,67,0.0,10.4,4,2020,8,22,24,25,77,9,15,259,WSW,119,Cloudy,0.0,0.0,34,10,6,1007,30,24,19,65,3,37,18,64,13,20,18,64,4,Жамбыл
2020-08-23,26,78,16,61,22,72,0.0,11.6,6,2020,8,23,24,26,78,9,15,185,S,116,Partly cloudy,0.0,0.0,34,10,6,1005,30,19,21,70,4,39,21,70,13,21,21,70,6,Жамбыл
2020-08-24,28,83,17,62,23,74,0.0,11.6,6,2020,8,24,24,28,83,13,22,62,ENE,116,Partly cloudy,0.0,0.0,32,10,6,1003,30,24,21,70,4,39,22,71,18,30,21,70,6,Жамбыл
2020-08-25,24,75,16,60,20,68,0.0,11.6,5,2020,8,25,24,24,75,18,30,25,NNE,116,Partly cloudy,0.5,0.0,50,10,6,1005,30,29,19,67,8,46,19,67,24,38,19,67,5,Жамбыл
2020-08-26,24,74,15,58,20,68,0.0,11.6,5,2020,8,26,24,24,74,6,10,103,ESE,116,Partly cloudy,0.0,0.0,36,10,6,1014,30,14,19,66,3,38,18,65,10,15,18,65,5,Жамбыл
2020-08-27,27,80,16,60,22,72,0.0,11.6,6,2020,8,27,24,27,80,8,13,160,SSE,116,Partly cloudy,0.0,0.0,32,10,6,1014,30,30,22,71,4,39,21,71,11,18,22,71,6,Жамбыл
2020-08-28,26,79,16,61,22,72,0.0,11.6,6,2020,8,28,24,26,79,9,15,47,NE,116,Partly cloudy,0.0,0.0,37,10,6,1017,31,7,21,70,5,41,21,70,14,23,21,70,6,Жамбыл
2020-08-29,27,80,16,61,22,72,0.0,11.6,6,2020,8,29,24,27,80,13,20,71,ENE,116,Partly cloudy,0.0,0.0,32,10,6,1017,31,2,22,71,3,38,21,70,18,29,22,71,6,Жамбыл
2020-08-30,28,82,16,62,23,73,0.0,11.6,6,2020,8,30,24,28,82,13,21,80,E,116,Partly cloudy,0.0,0.0,29,10,6,1016,30,1,22,71,2,36,22,71,19,31,22,71,6,Жамбыл
2020-08-31,29,85,18,65,25,77,0.0,11.6,6,2020,8,31,24,29,85,13,21,84,E,116,Partly cloudy,0.0,0.0,28,10,6,1014,30,2,24,75,4,39,24,74,20,31,24,75,6,Жамбыл
